id,first_name,last_name,meaning,origin,date,year_from,year_to,event,location,location_from_source,place,notes,author_comment,source,source_work,source_abbrev,record_text,page,column,headword,modern_distribution,confidence,archive_url
1,Jacob,Aarron,the son of Aaron,Baptismal,1696,1696,1696,,London,False,"St. Mary Aldermary, London",,A Jewish surname settled in England. I have not met with a single English Aaron in mediaeval times.,"Register of St. Mary Aldermary, London (Harleian Society), p. 112","Register of St. Mary Aldermary, London, 1558-1754 (Harleian Society)","Reg. St. Mary Aldermary, London, p. 112","Jacob Aarron, 1696: Reg. St. Mary Aldermary, London, p. 112.",37,1,"Aaron, Aarons, Aaronson","London, 8, 4, 4; Philadelphia, 12, 17, 7",high,https://archive.org/details/adictionaryengl00goog/page/37/mode/1up
2,Thomas,Appadam,the son of Adam (Welsh ap- or ab-Adam),Baptismal,1 Edw. III,1327,1327,,Somerset,False,Somerset,,"Cf. Bethell, Bloyd, Breeze, &c.","Kirby's Quest for Somerset (Exchequer Lay Subsidy, 1 Edw. III), Somerset Record Society, 1889, p. 219","Kirby's Quest for Somerset (Exchequer Lay Subsidy, 1 Edw. III), Somerset Record Society, 1889","Kirby's Quest, p. 219","Thomas Appadam, co. Soms., 1 Edw. III: Kirby's Quest, p. 219.",37,1,Abadam,,high,https://archive.org/details/adictionaryengl00goog/page/37/mode/1up
3,Eleanor,Abadam,the son of Adam (Welsh ap- or ab-Adam),Baptismal,1754,1754,1754,Marriage,London,False,"St. George's Chapel, Mayfair, London",Married Richard Powney,"Cf. Bethell, Bloyd, Breeze, &c.","Register of St. George's Chapel, Mayfair, 1740-54 (Harleian Society), p. 280","Register of St. George's Chapel, Mayfair, 1740-54 (Harleian Society)","St. Geo. Chap. Mayfair, p. 280","1754. Married—Richard Powney and Eleanor Abadam: St. Geo. Chap. Mayfair, p. 280.",37,1,Abadam,,high,https://archive.org/details/adictionaryengl00goog/page/37/mode/1up
4,Richard,Powney,the son of Adam (Welsh ap- or ab-Adam),Baptismal,1754,1754,1754,Marriage,London,False,"St. George's Chapel, Mayfair, London",Married Eleanor Abadam,"Cf. Bethell, Bloyd, Breeze, &c.","Register of St. George's Chapel, Mayfair, 1740-54 (Harleian Society), p. 280","Register of St. George's Chapel, Mayfair, 1740-54 (Harleian Society)","St. Geo. Chap. Mayfair, p. 280","1754. Married—Richard Powney and Eleanor Abadam: St. Geo. Chap. Mayfair, p. 280.",37,1,Abadam,,high,https://archive.org/details/adictionaryengl00goog/page/37/mode/1up
5,Henry,le Abbé,"(1) at the Abbey, from residence thereby; (2) from the ecclesiastical title",Local; Official,1273,1273,1273,,Shropshire,False,Shropshire,,All the evidence is in favour of this view except in one instance.,"Hundred Rolls, 1273","Hundred Rolls, 1273",A,"Henry le Abbé, co. Salop, 1273. A.",37,1,"Abbey, Abbee, Abbe","London, 4, 1, 0; Philadelphia, 11, 0, 6",high,https://archive.org/details/adictionaryengl00goog/page/37/mode/1up
6,Ralph,le Abbe,"(1) at the Abbey, from residence thereby; (2) from the ecclesiastical title",Local; Official,Hen. III-Edw. I,1216,1307,,Devon,False,Devon,,All the evidence is in favour of this view except in one instance.,"Testa de Nevill, sive Liber Feodorum, temp. Hen. III-Edw. I","Testa de Nevill, sive Liber Feodorum, temp. Hen. III-Edw. I",K,"Ralph le Abbe, co. Devon, Hen. III-Edw. I. K.",37,1,"Abbey, Abbee, Abbe","London, 4, 1, 0; Philadelphia, 11, 0, 6",high,https://archive.org/details/adictionaryengl00goog/page/37/mode/1up
7,William,le Abbe,"(1) at the Abbey, from residence thereby; (2) from the ecclesiastical title",Local; Official,Hen. III-Edw. I,1216,1307,,Devon,False,Devon,,All the evidence is in favour of this view except in one instance.,"Testa de Nevill, sive Liber Feodorum, temp. Hen. III-Edw. I","Testa de Nevill, sive Liber Feodorum, temp. Hen. III-Edw. I",ibid.,"William le Abbe, co. Devon, ibid.",37,1,"Abbey, Abbee, Abbe","London, 4, 1, 0; Philadelphia, 11, 0, 6",high,https://archive.org/details/adictionaryengl00goog/page/37/mode/1up
8,Robert,del Abbay,"(1) at the Abbey, from residence thereby; (2) from the ecclesiastical title",Local; Official,1332,1332,1332,,Lancashire,False,Lancashire,,All the evidence is in favour of this view except in one instance.,"Rylands' Lay Exchequer Subsidy Rolls, co. Lanc., 1332","Rylands' Lay Exchequer Subsidy Rolls, co. Lanc., 1332",Lay Subsidy (Rylands),"Robert del Abbay, 1332, co. Lanc.: Lay Subsidy (Rylands).",37,1,"Abbey, Abbee, Abbe","London, 4, 1, 0; Philadelphia, 11, 0, 6",high,https://archive.org/details/adictionaryengl00goog/page/37/mode/1up
9,William,de Mikelfeld,"(1) at the Abbey, from residence thereby; (2) from the ecclesiastical title",Local; Official,12-13 Edw. I,1283,1285,,Yorkshire,False,York,Also called William del Abbay (dictus del Abbay); admitted a freeman of York,All the evidence is in favour of this view except in one instance.,"Register of the Freemen of the City of York, vol. i, 1272-1558 (Surtees Society, 1897), i. 4","Register of the Freemen of the City of York, vol. i, 1272-1558 (Surtees Society, 1897)","Freemen of York, i. 4","William de Mikelfeld, dictus del Abbay, 12-13 Edw. I: Freemen of York, i. 4.",37,1,"Abbey, Abbee, Abbe","London, 4, 1, 0; Philadelphia, 11, 0, 6",high,https://archive.org/details/adictionaryengl00goog/page/37/mode/1up
10,William,del Abbay,"(1) at the Abbey, from residence thereby; (2) from the ecclesiastical title",Local; Official,12-13 Edw. I,1283,1285,,Yorkshire,False,York,Also called William de Mikelfeld (dictus del Abbay); admitted a freeman of York,All the evidence is in favour of this view except in one instance.,"Register of the Freemen of the City of York, vol. i, 1272-1558 (Surtees Society, 1897), i. 4","Register of the Freemen of the City of York, vol. i, 1272-1558 (Surtees Society, 1897)","Freemen of York, i. 4","William de Mikelfeld, dictus del Abbay, 12-13 Edw. I: Freemen of York, i. 4.",37,1,"Abbey, Abbee, Abbe","London, 4, 1, 0; Philadelphia, 11, 0, 6",high,https://archive.org/details/adictionaryengl00goog/page/37/mode/1up
11,William,del Abbay,"(1) at the Abbey, from residence thereby; (2) from the ecclesiastical title",Local; Official,12-13 Edw. I,1283,1285,,Yorkshire,False,York,ceynturer (girdle-maker); admitted a freeman of York,All the evidence is in favour of this view except in one instance.,"Register of the Freemen of the City of York, vol. i, 1272-1558 (Surtees Society, 1897), i. 4","Register of the Freemen of the City of York, vol. i, 1272-1558 (Surtees Society, 1897)",ibid.,"William del Abbay, ceynturer: ibid.",37,1,"Abbey, Abbee, Abbe","London, 4, 1, 0; Philadelphia, 11, 0, 6",high,https://archive.org/details/adictionaryengl00goog/page/37/mode/1up
12,George,Abbey,"(1) at the Abbey, from residence thereby; (2) from the ecclesiastical title",Local; Official,1594,1594,1594,,Oxfordshire,False,"Magdalen College, Oxford",Of Magdalen College,All the evidence is in favour of this view except in one instance.,"Register of the University of Oxford (Oxford Historical Society), iii. 181",Register of the University of Oxford (Oxford Historical Society),Reg. Univ. Oxf. iii. 181,"1594. George Abbey, Magd. Coll.: Reg. Univ. Oxf. iii. 181.",37,1,"Abbey, Abbee, Abbe","London, 4, 1, 0; Philadelphia, 11, 0, 6",high,https://archive.org/details/adictionaryengl00goog/page/37/mode/1up
13,Richard,Abby,"(1) at the Abbey, from residence thereby; (2) from the ecclesiastical title",Local; Official,1601,1601,1601,Marriage licence,London,False,London,Licence to marry Eliz[abeth] Hodgkins,All the evidence is in favour of this view except in one instance.,"Allegations for Marriage Licences issued by the Bishop of London, 1520-1828 (Harleian Society), i. 267","Allegations for Marriage Licences issued by the Bishop of London, 1520-1828 (Harleian Society)","Marriage Lic. (London), i. 267","1601. Richard Abby and Eliz. Hodgkins: Marriage Lic. (London), i. 267.",37,1,"Abbey, Abbee, Abbe","London, 4, 1, 0; Philadelphia, 11, 0, 6",high,https://archive.org/details/adictionaryengl00goog/page/37/mode/1up
14,Eliz[abeth],Hodgkins,"(1) at the Abbey, from residence thereby; (2) from the ecclesiastical title",Local; Official,1601,1601,1601,Marriage licence,London,False,London,Licence to marry Richard Abby,All the evidence is in favour of this view except in one instance.,"Allegations for Marriage Licences issued by the Bishop of London, 1520-1828 (Harleian Society), i. 267","Allegations for Marriage Licences issued by the Bishop of London, 1520-1828 (Harleian Society)","Marriage Lic. (London), i. 267","1601. Richard Abby and Eliz. Hodgkins: Marriage Lic. (London), i. 267.",37,1,"Abbey, Abbee, Abbe","London, 4, 1, 0; Philadelphia, 11, 0, 6",high,https://archive.org/details/adictionaryengl00goog/page/37/mode/1up
15,George,Abbey,"(1) at the Abbey, from residence thereby; (2) from the ecclesiastical title",Local; Official,1648,1648,1648,Marriage,London,False,"St. James, Clerkenwell, London",Married Mary Feild,All the evidence is in favour of this view except in one instance.,"Register of St. James, Clerkenwell, 1551-1754 (Harleian Society), iii. 82","Register of St. James, Clerkenwell, 1551-1754 (Harleian Society)","St. Jas. Clerkenwell, iii. 82","1648. Married—George Abbey and Mary Feild: St. Jas. Clerkenwell, iii. 82.",37,1,"Abbey, Abbee, Abbe","London, 4, 1, 0; Philadelphia, 11, 0, 6",high,https://archive.org/details/adictionaryengl00goog/page/37/mode/1up
16,Mary,Feild,"(1) at the Abbey, from residence thereby; (2) from the ecclesiastical title",Local; Official,1648,1648,1648,Marriage,London,False,"St. James, Clerkenwell, London",Married George Abbey,All the evidence is in favour of this view except in one instance.,"Register of St. James, Clerkenwell, 1551-1754 (Harleian Society), iii. 82","Register of St. James, Clerkenwell, 1551-1754 (Harleian Society)","St. Jas. Clerkenwell, iii. 82","1648. Married—George Abbey and Mary Feild: St. Jas. Clerkenwell, iii. 82.",37,1,"Abbey, Abbee, Abbe","London, 4, 1, 0; Philadelphia, 11, 0, 6",high,https://archive.org/details/adictionaryengl00goog/page/37/mode/1up
17,,Abbinett,"the son of Abraham, or Abell, from the nick. Abb, with double dim. Abb-in-et",Baptismal,,,,,,False,,,Cf. Robinet and Colinet.,,,,,37,1,Abbinett,"Liverpool, 1",high,https://archive.org/details/adictionaryengl00goog/page/37/mode/1up
18,William,Abbys,variant of Abbs,Baptismal,1534,1534,1534,,Bedfordshire,False,"Bedford, Bedfordshire",Now mayor of the Towne of Bedford,"V. Abbs, of which, no doubt, it is a variant.","Visitation of Bedfordshire, 1566 (Harleian Society), p. 73","Visitation of Bedfordshire, 1566 (Harleian Society)","Visitation of Bedfordshire, 1566, p. 73","'William Abbys, now mayor of the Towne of Bedford,' 1534: Visitation of Bedfordshire, 1566, p. 73.",37,2,Abbiss,"London, 1",high,https://archive.org/details/adictionaryengl00goog/page/37/mode/1up
19,Dan[iel],Abiss,variant of Abbs,Baptismal,1628,1628,1628,Burial,London,False,"St. James, Clerkenwell, London",George Woodlve was buried from his house,"V. Abbs, of which, no doubt, it is a variant.","Register of St. James, Clerkenwell, 1551-1754 (Harleian Society), iv. 192","Register of St. James, Clerkenwell, 1551-1754 (Harleian Society)","St. Jas. Clerkenwell, iv. 192","1628. Buried—George Woodlve, from Dan. Abiss: St. Jas. Clerkenwell, iv. 192.",37,2,Abbiss,"London, 1",high,https://archive.org/details/adictionaryengl00goog/page/37/mode/1up
20,George,Woodlve,variant of Abbs,Baptismal,1628,1628,1628,Burial,London,False,"St. James, Clerkenwell, London",Buried from the house of Dan[iel] Abiss,"V. Abbs, of which, no doubt, it is a variant.","Register of St. James, Clerkenwell, 1551-1754 (Harleian Society), iv. 192","Register of St. James, Clerkenwell, 1551-1754 (Harleian Society)","St. Jas. Clerkenwell, iv. 192","1628. Buried—George Woodlve, from Dan. Abiss: St. Jas. Clerkenwell, iv. 192.",37,2,Abbiss,"London, 1",high,https://archive.org/details/adictionaryengl00goog/page/37/mode/1up
21,Danyell,Abbisse,variant of Abbs,Baptismal,1628,1628,1628,Burial,London,False,"St. James, Clerkenwell, London",Edward Green was buried from his house,"V. Abbs, of which, no doubt, it is a variant.","Register of St. James, Clerkenwell, 1551-1754 (Harleian Society), iv. 193","Register of St. James, Clerkenwell, 1551-1754 (Harleian Society)",ibid. p. 193,"— — Edward Green, from Danyell Abbisse: ibid. p. 193.",37,2,Abbiss,"London, 1",high,https://archive.org/details/adictionaryengl00goog/page/37/mode/1up
22,Edward,Green,variant of Abbs,Baptismal,1628,1628,1628,Burial,London,False,"St. James, Clerkenwell, London",Buried from the house of Danyell Abbisse,"V. Abbs, of which, no doubt, it is a variant.","Register of St. James, Clerkenwell, 1551-1754 (Harleian Society), iv. 193","Register of St. James, Clerkenwell, 1551-1754 (Harleian Society)",ibid. p. 193,"— — Edward Green, from Danyell Abbisse: ibid. p. 193.",37,2,Abbiss,"London, 1",high,https://archive.org/details/adictionaryengl00goog/page/37/mode/1up
23,Eliz[abeth],Abbes,variant of Abbs,Baptismal,1631,1631,1631,Baptism,London,False,"St. Mary Aldermary, London",Daughter of Henrye Abbes,"V. Abbs, of which, no doubt, it is a variant.","Register of St. Mary Aldermary, London (Harleian Society), p. 82","Register of St. Mary Aldermary, London, 1558-1754 (Harleian Society)","St. Mary Aldermary, p. 82","1631. Bapt.—Eliz., d. Henrye Abbes: St. Mary Aldermary, p. 82.",37,2,Abbiss,"London, 1",high,https://archive.org/details/adictionaryengl00goog/page/37/mode/1up
24,Henrye,Abbes,variant of Abbs,Baptismal,1631,1631,1631,Baptism,London,False,"St. Mary Aldermary, London","Father of Eliz[abeth] Abbes, baptised","V. Abbs, of which, no doubt, it is a variant.","Register of St. Mary Aldermary, London (Harleian Society), p. 82","Register of St. Mary Aldermary, London, 1558-1754 (Harleian Society)","St. Mary Aldermary, p. 82","1631. Bapt.—Eliz., d. Henrye Abbes: St. Mary Aldermary, p. 82.",37,2,Abbiss,"London, 1",high,https://archive.org/details/adictionaryengl00goog/page/37/mode/1up
25,Elizabeth Dianah,Abbiss,variant of Abbs,Baptismal,1779,1779,1779,Marriage,London,False,"St. George, Hanover Square, London",Married James Rycroft,"V. Abbs, of which, no doubt, it is a variant.","Register of St. George, Hanover Square, 1725-1809 (Harleian Society), i. 303","Register of St. George, Hanover Square, 1725-1809 (Harleian Society)",St. Geo. Han. Sq. i. 303,1779. James Rycroft and Elizabeth Dianah Abbiss: St. Geo. Han. Sq. i. 303.,37,2,Abbiss,"London, 1",high,https://archive.org/details/adictionaryengl00goog/page/37/mode/1up
26,James,Rycroft,variant of Abbs,Baptismal,1779,1779,1779,Marriage,London,False,"St. George, Hanover Square, London",Married Elizabeth Dianah Abbiss,"V. Abbs, of which, no doubt, it is a variant.","Register of St. George, Hanover Square, 1725-1809 (Harleian Society), i. 303","Register of St. George, Hanover Square, 1725-1809 (Harleian Society)",St. Geo. Han. Sq. i. 303,1779. James Rycroft and Elizabeth Dianah Abbiss: St. Geo. Han. Sq. i. 303.,37,2,Abbiss,"London, 1",high,https://archive.org/details/adictionaryengl00goog/page/37/mode/1up
27,Henry,Abbod,"(1) the son of Abraham, from the nick. Abb, and dim. Abb-ot; (2) the Abbot, an official title or nickname",Baptismal; Official; Nickname,1273,1273,1273,,Oxfordshire,False,Oxfordshire,,"It is all but certain that the majority of our Abbotts, although bearing a conventual title, are thus descended [from Abraham]. Abraham was a favourite name in the 13th century. Abel was also popular, and may have shared the parentage.","Hundred Rolls, 1273","Hundred Rolls, 1273",A,"Henry Abbod, co. Oxf., 1273. A.",37,2,"Abbitt, Abbot, Abbott, Abbotson, Abbett","London, 2, 4, 72, 0, 2; Philadelphia, 0, 6, 72, 0, 4",high,https://archive.org/details/adictionaryengl00goog/page/37/mode/1up
28,William,Abbod,"(1) the son of Abraham, from the nick. Abb, and dim. Abb-ot; (2) the Abbot, an official title or nickname",Baptismal; Official; Nickname,1273,1273,1273,,Oxfordshire,False,Oxfordshire,,"It is all but certain that the majority of our Abbotts, although bearing a conventual title, are thus descended [from Abraham]. Abraham was a favourite name in the 13th century. Abel was also popular, and may have shared the parentage.","Hundred Rolls, 1273","Hundred Rolls, 1273",ibid.,"William Abbod, co. Oxf., ibid.",37,2,"Abbitt, Abbot, Abbott, Abbotson, Abbett","London, 2, 4, 72, 0, 2; Philadelphia, 0, 6, 72, 0, 4",high,https://archive.org/details/adictionaryengl00goog/page/37/mode/1up
29,Adam,Abbot,"(1) the son of Abraham, from the nick. Abb, and dim. Abb-ot; (2) the Abbot, an official title or nickname",Baptismal; Official; Nickname,1273,1273,1273,,Huntingdonshire,False,Huntingdonshire,,"It is all but certain that the majority of our Abbotts, although bearing a conventual title, are thus descended [from Abraham]. Abraham was a favourite name in the 13th century. Abel was also popular, and may have shared the parentage.","Hundred Rolls, 1273","Hundred Rolls, 1273",ibid.,"Adam Abbot, co. Hunts, ibid.",37,2,"Abbitt, Abbot, Abbott, Abbotson, Abbett","London, 2, 4, 72, 0, 2; Philadelphia, 0, 6, 72, 0, 4",high,https://archive.org/details/adictionaryengl00goog/page/37/mode/1up
30,Juliana,Abbot,"(1) the son of Abraham, from the nick. Abb, and dim. Abb-ot; (2) the Abbot, an official title or nickname",Baptismal; Official; Nickname,1273,1273,1273,,Bedfordshire,False,Bedfordshire,,"It is all but certain that the majority of our Abbotts, although bearing a conventual title, are thus descended [from Abraham]. Abraham was a favourite name in the 13th century. Abel was also popular, and may have shared the parentage.","Hundred Rolls, 1273","Hundred Rolls, 1273",ibid.,"Juliana Abbot, co. Bedf., ibid.",37,2,"Abbitt, Abbot, Abbott, Abbotson, Abbett","London, 2, 4, 72, 0, 2; Philadelphia, 0, 6, 72, 0, 4",high,https://archive.org/details/adictionaryengl00goog/page/37/mode/1up
31,Margareta,Abbot,"(1) the son of Abraham, from the nick. Abb, and dim. Abb-ot; (2) the Abbot, an official title or nickname",Baptismal; Official; Nickname,1273,1273,1273,,Cambridgeshire,False,Cambridgeshire,,"It is all but certain that the majority of our Abbotts, although bearing a conventual title, are thus descended [from Abraham]. Abraham was a favourite name in the 13th century. Abel was also popular, and may have shared the parentage.","Hundred Rolls, 1273","Hundred Rolls, 1273",ibid.,"Margareta Abbot, co. Camb., ibid.",37,2,"Abbitt, Abbot, Abbott, Abbotson, Abbett","London, 2, 4, 72, 0, 2; Philadelphia, 0, 6, 72, 0, 4",high,https://archive.org/details/adictionaryengl00goog/page/37/mode/1up
32,Anne,Abbitt,"(1) the son of Abraham, from the nick. Abb, and dim. Abb-ot; (2) the Abbot, an official title or nickname",Baptismal; Official; Nickname,1720,1720,1720,Marriage,London,False,"St. Antholin, London",Married Edward Sanders,"It is all but certain that the majority of our Abbotts, although bearing a conventual title, are thus descended [from Abraham]. Abraham was a favourite name in the 13th century. Abel was also popular, and may have shared the parentage.","Register of St. Antholin, Budge Row, London, 1538-1754 (Harleian Society), p. 134","Register of St. Antholin, Budge Row, London, 1538-1754 (Harleian Society)","St. Antholin, London, p. 134","1720. Married—Edward Sanders and Anne Abbitt: St. Antholin, London, p. 134.",37,2,"Abbitt, Abbot, Abbott, Abbotson, Abbett","London, 2, 4, 72, 0, 2; Philadelphia, 0, 6, 72, 0, 4",high,https://archive.org/details/adictionaryengl00goog/page/37/mode/1up
33,Edward,Sanders,"(1) the son of Abraham, from the nick. Abb, and dim. Abb-ot; (2) the Abbot, an official title or nickname",Baptismal; Official; Nickname,1720,1720,1720,Marriage,London,False,"St. Antholin, London",Married Anne Abbitt,"It is all but certain that the majority of our Abbotts, although bearing a conventual title, are thus descended [from Abraham]. Abraham was a favourite name in the 13th century. Abel was also popular, and may have shared the parentage.","Register of St. Antholin, Budge Row, London, 1538-1754 (Harleian Society), p. 134","Register of St. Antholin, Budge Row, London, 1538-1754 (Harleian Society)","St. Antholin, London, p. 134","1720. Married—Edward Sanders and Anne Abbitt: St. Antholin, London, p. 134.",37,2,"Abbitt, Abbot, Abbott, Abbotson, Abbett","London, 2, 4, 72, 0, 2; Philadelphia, 0, 6, 72, 0, 4",high,https://archive.org/details/adictionaryengl00goog/page/37/mode/1up
34,William,fil. Abi,"the son of Abraham or Abel, from nick. Abb or Abbie",Baptismal,1273,1273,1273,,Buckinghamshire,False,Buckinghamshire,fil. Abi = son of Abi,This was a familiar Norfolk surname as Abbys or Abbes. To-day it is familiar in the same county as Abbs.,"Hundred Rolls, 1273","Hundred Rolls, 1273",A,"William fil. Abi, co. Bucks, 1273. A.",37,2,"Abbs, Abson, Abbison","MDB. (Norfolk), 3, 0, 0; London, 1, 0, 0; Liverpool, 0, 2, 0; Wakefield, 0, 1, 0; Philadelphia, 0, 0, 1",high,https://archive.org/details/adictionaryengl00goog/page/37/mode/1up
35,Abi,(unknown),"the son of Abraham or Abel, from nick. Abb or Abbie",Baptismal,1273,1273,1273,,Buckinghamshire,False,Buckinghamshire,Father of William fil. Abi. Recorded as a patronymic - may not necessarily be nominative form,This was a familiar Norfolk surname as Abbys or Abbes. To-day it is familiar in the same county as Abbs.,"Hundred Rolls, 1273","Hundred Rolls, 1273",A,"William fil. Abi, co. Bucks, 1273. A.",37,2,"Abbs, Abson, Abbison","MDB. (Norfolk), 3, 0, 0; London, 1, 0, 0; Liverpool, 0, 2, 0; Wakefield, 0, 1, 0; Philadelphia, 0, 0, 1",high,https://archive.org/details/adictionaryengl00goog/page/37/mode/1up
36,Willelmus,Abson,"the son of Abraham or Abel, from nick. Abb or Abbie",Baptismal,1379,1379,1379,,Yorkshire,False,West Riding of Yorkshire,,This was a familiar Norfolk surname as Abbys or Abbes. To-day it is familiar in the same county as Abbs.,"Poll Tax, West Riding of Yorkshire, 1379, p. 71","Poll Tax, West Riding of Yorkshire, 1379",P. T. Yorks. p. 71,"Willelmus Abson, 1379: P. T. Yorks. p. 71.",37,2,"Abbs, Abson, Abbison","MDB. (Norfolk), 3, 0, 0; London, 1, 0, 0; Liverpool, 0, 2, 0; Wakefield, 0, 1, 0; Philadelphia, 0, 0, 1",high,https://archive.org/details/adictionaryengl00goog/page/37/mode/1up
37,John,Abbys,"the son of Abraham or Abel, from nick. Abb or Abbie",Baptismal,1480,1480,1480,,Norfolk,False,Norfolk,,This was a familiar Norfolk surname as Abbys or Abbes. To-day it is familiar in the same county as Abbs.,"History of Norfolk (Blomefield and Parkin), vol. vi, p. 445",History of Norfolk (Blomefield and Parkin),FF. vi. 445,"John Abbys, co. Norf., 1480: FF. vi. 445.",37,3,"Abbs, Abson, Abbison","MDB. (Norfolk), 3, 0, 0; London, 1, 0, 0; Liverpool, 0, 2, 0; Wakefield, 0, 1, 0; Philadelphia, 0, 0, 1",high,https://archive.org/details/adictionaryengl00goog/page/37/mode/1up
38,Thomas,Abbys,"the son of Abraham or Abel, from nick. Abb or Abbie",Baptismal,1536,1536,1536,,Norfolk,False,Norfolk,,This was a familiar Norfolk surname as Abbys or Abbes. To-day it is familiar in the same county as Abbs.,"History of Norfolk (Blomefield and Parkin), vol. vi, p. 446",History of Norfolk (Blomefield and Parkin),ibid. p. 446,"Thomas Abbys, co. Norf., 1536: ibid. p. 446.",37,3,"Abbs, Abson, Abbison","MDB. (Norfolk), 3, 0, 0; London, 1, 0, 0; Liverpool, 0, 2, 0; Wakefield, 0, 1, 0; Philadelphia, 0, 0, 1",high,https://archive.org/details/adictionaryengl00goog/page/37/mode/1up
39,James,Abbes,"the son of Abraham or Abel, from nick. Abb or Abbie",Baptismal,1555,1555,1555,Burial,Norfolk,False,"Thetford, Norfolk",Buried at Thetford,This was a familiar Norfolk surname as Abbys or Abbes. To-day it is familiar in the same county as Abbs.,"History of Norfolk (Blomefield and Parkin), vol. ii, p. 141",History of Norfolk (Blomefield and Parkin),ibid. ii. 141,"James Abbes, buried at Thetford, co. Norf., 1555: ibid. ii. 141.",37,3,"Abbs, Abson, Abbison","MDB. (Norfolk), 3, 0, 0; London, 1, 0, 0; Liverpool, 0, 2, 0; Wakefield, 0, 1, 0; Philadelphia, 0, 0, 1",high,https://archive.org/details/adictionaryengl00goog/page/37/mode/1up
40,Edward,Abbs,"the son of Abraham or Abel, from nick. Abb or Abbie",Baptismal,1635,1635,1635,Emigration,Virginia,False,Virginia,'Imbarqued in the George' for Virginia,This was a familiar Norfolk surname as Abbys or Abbes. To-day it is familiar in the same county as Abbs.,"Hotten's Original Lists of Emigrants, 1600-1700 (pub. 1874), p. 124","Hotten's Original Lists of Emigrants, 1600-1700 (pub. 1874)","Hotten's Emigrants, p. 124","Edward Abbs, 'imbarqued in the George' for Virginia, 1635: Hotten's Emigrants, p. 124.",37,3,"Abbs, Abson, Abbison","MDB. (Norfolk), 3, 0, 0; London, 1, 0, 0; Liverpool, 0, 2, 0; Wakefield, 0, 1, 0; Philadelphia, 0, 0, 1",high,https://archive.org/details/adictionaryengl00goog/page/37/mode/1up
41,Will[iam],Abbison,"the son of Abraham or Abel, from nick. Abb or Abbie",Baptismal,1641,1641,1641,Baptism,London,False,"St. James, Clerkenwell, London",Son of Will[iam] Abbison,This was a familiar Norfolk surname as Abbys or Abbes. To-day it is familiar in the same county as Abbs.,"Register of St. James, Clerkenwell, 1551-1754 (Harleian Society), i. 149","Register of St. James, Clerkenwell, 1551-1754 (Harleian Society)","St. Jas. Clerkenwell, i. 149","1641. Bapt.—Willm., s. Willm. Abbison: St. Jas. Clerkenwell, i. 149.",37,3,"Abbs, Abson, Abbison","MDB. (Norfolk), 3, 0, 0; London, 1, 0, 0; Liverpool, 0, 2, 0; Wakefield, 0, 1, 0; Philadelphia, 0, 0, 1",high,https://archive.org/details/adictionaryengl00goog/page/37/mode/1up
42,Will[iam],Abbison,"the son of Abraham or Abel, from nick. Abb or Abbie",Baptismal,1641,1641,1641,Baptism,London,False,"St. James, Clerkenwell, London","Father of Will[iam] Abbison, baptised",This was a familiar Norfolk surname as Abbys or Abbes. To-day it is familiar in the same county as Abbs.,"Register of St. James, Clerkenwell, 1551-1754 (Harleian Society), i. 149","Register of St. James, Clerkenwell, 1551-1754 (Harleian Society)","St. Jas. Clerkenwell, i. 149","1641. Bapt.—Willm., s. Willm. Abbison: St. Jas. Clerkenwell, i. 149.",37,3,"Abbs, Abson, Abbison","MDB. (Norfolk), 3, 0, 0; London, 1, 0, 0; Liverpool, 0, 2, 0; Wakefield, 0, 1, 0; Philadelphia, 0, 0, 1",high,https://archive.org/details/adictionaryengl00goog/page/37/mode/1up
43,William,Abson,"the son of Abraham or Abel, from nick. Abb or Abbie",Baptismal,1750,1750,1750,Marriage,London,False,"St. George's Chapel, Mayfair, London",Married Mary Downes,This was a familiar Norfolk surname as Abbys or Abbes. To-day it is familiar in the same county as Abbs.,"Register of St. George's Chapel, Mayfair, 1740-54 (Harleian Society), p. 158","Register of St. George's Chapel, Mayfair, 1740-54 (Harleian Society)","St. Geo. Chap. Mayfair, p. 158","1750. Married—William Abson and Mary Downes: St. Geo. Chap. Mayfair, p. 158.",37,3,"Abbs, Abson, Abbison","MDB. (Norfolk), 3, 0, 0; London, 1, 0, 0; Liverpool, 0, 2, 0; Wakefield, 0, 1, 0; Philadelphia, 0, 0, 1",high,https://archive.org/details/adictionaryengl00goog/page/37/mode/1up
44,Mary,Downes,"the son of Abraham or Abel, from nick. Abb or Abbie",Baptismal,1750,1750,1750,Marriage,London,False,"St. George's Chapel, Mayfair, London",Married William Abson,This was a familiar Norfolk surname as Abbys or Abbes. To-day it is familiar in the same county as Abbs.,"Register of St. George's Chapel, Mayfair, 1740-54 (Harleian Society), p. 158","Register of St. George's Chapel, Mayfair, 1740-54 (Harleian Society)","St. Geo. Chap. Mayfair, p. 158","1750. Married—William Abson and Mary Downes: St. Geo. Chap. Mayfair, p. 158.",37,3,"Abbs, Abson, Abbison","MDB. (Norfolk), 3, 0, 0; London, 1, 0, 0; Liverpool, 0, 2, 0; Wakefield, 0, 1, 0; Philadelphia, 0, 0, 1",high,https://archive.org/details/adictionaryengl00goog/page/37/mode/1up
45,Robert,del Abdy,"of the Abdy; query, an old form of 'Abbey' (?)",Local,1379,1379,1379,,Yorkshire,False,"Brampton-juxta-Wath, West Riding of Yorkshire",,"Lower says: 'Abdy, an estate in Yorkshire, where the family anciently resided.' This is corroborated by the following entries. All these [1379 entries] were living at Brampton-juxta-Wath. The 'del' is interesting.","Poll Tax, West Riding of Yorkshire, 1379, p. 17","Poll Tax, West Riding of Yorkshire, 1379",P. T. Yorks. p. 17,"Robert del Abdy, 1379: P. T. Yorks. p. 17.",37,3,Abdy,"MDB. (W. Rid. Yorkshire), 1; London, 2; Boston (U.S.), 1",high,https://archive.org/details/adictionaryengl00goog/page/37/mode/1up
46,Johannes,del Abdy,"of the Abdy; query, an old form of 'Abbey' (?)",Local,1379,1379,1379,,Yorkshire,False,"Brampton-juxta-Wath, West Riding of Yorkshire","taylour (tailor); with Agnes, his wife (uxor ejus)","Lower says: 'Abdy, an estate in Yorkshire, where the family anciently resided.' This is corroborated by the following entries. All these [1379 entries] were living at Brampton-juxta-Wath. The 'del' is interesting.","Poll Tax, West Riding of Yorkshire, 1379, p. 17","Poll Tax, West Riding of Yorkshire, 1379",ibid.,"Johannes del Abdy, et Agnes, uxor ejus, taylour: ibid.",37,3,Abdy,"MDB. (W. Rid. Yorkshire), 1; London, 2; Boston (U.S.), 1",high,https://archive.org/details/adictionaryengl00goog/page/37/mode/1up
47,Agnes,(unknown),"of the Abdy; query, an old form of 'Abbey' (?)",Local,1379,1379,1379,,Yorkshire,False,"Brampton-juxta-Wath, West Riding of Yorkshire",Wife (uxor ejus) of Johannes del Abdy (the tailor),"Lower says: 'Abdy, an estate in Yorkshire, where the family anciently resided.' This is corroborated by the following entries. All these [1379 entries] were living at Brampton-juxta-Wath. The 'del' is interesting.","Poll Tax, West Riding of Yorkshire, 1379, p. 17","Poll Tax, West Riding of Yorkshire, 1379",ibid.,"Johannes del Abdy, et Agnes, uxor ejus, taylour: ibid.",37,3,Abdy,"MDB. (W. Rid. Yorkshire), 1; London, 2; Boston (U.S.), 1",high,https://archive.org/details/adictionaryengl00goog/page/37/mode/1up
48,Johannes,del Abdy,"of the Abdy; query, an old form of 'Abbey' (?)",Local,1379,1379,1379,,Yorkshire,False,"Brampton-juxta-Wath, West Riding of Yorkshire","With Margareta, his wife (uxor ejus). A second Johannes del Abdy, distinct from the tailor above","Lower says: 'Abdy, an estate in Yorkshire, where the family anciently resided.' This is corroborated by the following entries. All these [1379 entries] were living at Brampton-juxta-Wath. The 'del' is interesting.","Poll Tax, West Riding of Yorkshire, 1379, p. 17","Poll Tax, West Riding of Yorkshire, 1379",ibid.,"Johannes del Abdy, et Margareta, uxor ejus: ibid.",37,3,Abdy,"MDB. (W. Rid. Yorkshire), 1; London, 2; Boston (U.S.), 1",high,https://archive.org/details/adictionaryengl00goog/page/37/mode/1up
49,Margareta,(unknown),"of the Abdy; query, an old form of 'Abbey' (?)",Local,1379,1379,1379,,Yorkshire,False,"Brampton-juxta-Wath, West Riding of Yorkshire","Wife (uxor ejus) of Johannes del Abdy (the second Johannes, not the tailor)","Lower says: 'Abdy, an estate in Yorkshire, where the family anciently resided.' This is corroborated by the following entries. All these [1379 entries] were living at Brampton-juxta-Wath. The 'del' is interesting.","Poll Tax, West Riding of Yorkshire, 1379, p. 17","Poll Tax, West Riding of Yorkshire, 1379",ibid.,"Johannes del Abdy, et Margareta, uxor ejus: ibid.",37,3,Abdy,"MDB. (W. Rid. Yorkshire), 1; London, 2; Boston (U.S.), 1",high,https://archive.org/details/adictionaryengl00goog/page/37/mode/1up
50,Edmund,Abdie,"of the Abdy; query, an old form of 'Abbey' (?)",Local,1577,1577,1577,,London,False,London,Matriculated at Oxford; of London,"Lower says: 'Abdy, an estate in Yorkshire, where the family anciently resided.' This is corroborated by the following entries. All these [1379 entries] were living at Brampton-juxta-Wath. The 'del' is interesting.","Register of the University of Oxford (Oxford Historical Society), vol. ii, pt. ii, p. 76",Register of the University of Oxford (Oxford Historical Society),Reg. Univ. Oxf. vol. ii. pt. ii. p. 76,"1577. Edmund Abdie, London: Reg. Univ. Oxf. vol. ii. pt. ii. p. 76.",37,3,Abdy,"MDB. (W. Rid. Yorkshire), 1; London, 2; Boston (U.S.), 1",high,https://archive.org/details/adictionaryengl00goog/page/37/mode/1up
51,Christopher,Abdye,"of the Abdy; query, an old form of 'Abbey' (?)",Local,1583,1583,1583,Marriage licence,London,False,London,Licence to marry Mary Sentell,"Lower says: 'Abdy, an estate in Yorkshire, where the family anciently resided.' This is corroborated by the following entries. All these [1379 entries] were living at Brampton-juxta-Wath. The 'del' is interesting.","Allegations for Marriage Licences issued by the Bishop of London, 1520-1828 (Harleian Society), i. 119","Allegations for Marriage Licences issued by the Bishop of London, 1520-1828 (Harleian Society)","Marriage Lic. (London), i. 119","1583. Christopher Abdye and Mary Sentell: Marriage Lic. (London), i. 119.",37,3,Abdy,"MDB. (W. Rid. Yorkshire), 1; London, 2; Boston (U.S.), 1",high,https://archive.org/details/adictionaryengl00goog/page/37/mode/1up
52,Mary,Sentell,"of the Abdy; query, an old form of 'Abbey' (?)",Local,1583,1583,1583,Marriage licence,London,False,London,Licence to marry Christopher Abdye,"Lower says: 'Abdy, an estate in Yorkshire, where the family anciently resided.' This is corroborated by the following entries. All these [1379 entries] were living at Brampton-juxta-Wath. The 'del' is interesting.","Allegations for Marriage Licences issued by the Bishop of London, 1520-1828 (Harleian Society), i. 119","Allegations for Marriage Licences issued by the Bishop of London, 1520-1828 (Harleian Society)","Marriage Lic. (London), i. 119","1583. Christopher Abdye and Mary Sentell: Marriage Lic. (London), i. 119.",37,3,Abdy,"MDB. (W. Rid. Yorkshire), 1; London, 2; Boston (U.S.), 1",high,https://archive.org/details/adictionaryengl00goog/page/37/mode/1up
53,Sir William,Abdy,"of the Abdy; query, an old form of 'Abbey' (?)",Local,1776,1776,1776,Marriage,London,False,"St. George, Hanover Square, London",Baronet (Bart.). Married Mary Gordon,"Lower says: 'Abdy, an estate in Yorkshire, where the family anciently resided.' This is corroborated by the following entries. All these [1379 entries] were living at Brampton-juxta-Wath. The 'del' is interesting.","Register of St. George, Hanover Square, 1725-1809 (Harleian Society), i. 259","Register of St. George, Hanover Square, 1725-1809 (Harleian Society)",St. Geo. Han. Sq. i. 259,"1776. Married—Sir William Abdy, Bart., and Mary Gordon: St. Geo. Han. Sq. i. 259.",37,3,Abdy,"MDB. (W. Rid. Yorkshire), 1; London, 2; Boston (U.S.), 1",high,https://archive.org/details/adictionaryengl00goog/page/37/mode/1up
54,Mary,Gordon,"of the Abdy; query, an old form of 'Abbey' (?)",Local,1776,1776,1776,Marriage,London,False,"St. George, Hanover Square, London","Married Sir William Abdy, Bart.","Lower says: 'Abdy, an estate in Yorkshire, where the family anciently resided.' This is corroborated by the following entries. All these [1379 entries] were living at Brampton-juxta-Wath. The 'del' is interesting.","Register of St. George, Hanover Square, 1725-1809 (Harleian Society), i. 259","Register of St. George, Hanover Square, 1725-1809 (Harleian Society)",St. Geo. Han. Sq. i. 259,"1776. Married—Sir William Abdy, Bart., and Mary Gordon: St. Geo. Han. Sq. i. 259.",37,3,Abdy,"MDB. (W. Rid. Yorkshire), 1; London, 2; Boston (U.S.), 1",high,https://archive.org/details/adictionaryengl00goog/page/37/mode/1up
55,Roger,a'Hulle,"at the Beck-head, from residence at the head or source of the beck",Local,1273,1273,1273,,Oxfordshire,False,Oxfordshire,Cited in the author's commentary; i.e. Roger at the Hill,"Cf. Birkett, originally Birk-head, or Birkenhead, the head of the birch-trees. Birkett is a Cumberland surname. Birkenhead, co. Chester, is but a variant, being the adjectival form; v. Beck. Cf. Roger a'Hulle (co. Oxf., 1273. A.), i.e. Roger at the Hill.","Hundred Rolls, 1273","Hundred Rolls, 1273",A,"Roger a'Hulle (co. Oxf., 1273. A.)",38,1,A'Becket,"Philadelphia, 3",high,https://archive.org/details/adictionaryengl00goog/page/38/mode/1up
56,Wydo,del Beck't,"at the Beck-head, from residence at the head or source of the beck",Local,20 Edw. I,1291,1292,,Lincolnshire,False,Lincolnshire,,"Cf. Birkett, originally Birk-head, or Birkenhead, the head of the birch-trees. Birkett is a Cumberland surname. Birkenhead, co. Chester, is but a variant, being the adjectival form; v. Beck. Cf. Roger a'Hulle (co. Oxf., 1273. A.), i.e. Roger at the Hill.","Placita de Quo Warranto, temp. Edw. I-III","Placita de Quo Warranto, temp. Edw. I-III",R,"Wydo del Beck't, co. Linc., 20 Edw. I. R.",38,1,A'Becket,"Philadelphia, 3",high,https://archive.org/details/adictionaryengl00goog/page/38/mode/1up
57,William,a'Beckett,"at the Beck-head, from residence at the head or source of the beck",Local,1801,1801,1801,Marriage,London,False,"St. George, Hanover Square, London",Married Sarah Abbott,"Cf. Birkett, originally Birk-head, or Birkenhead, the head of the birch-trees. Birkett is a Cumberland surname. Birkenhead, co. Chester, is but a variant, being the adjectival form; v. Beck. Cf. Roger a'Hulle (co. Oxf., 1273. A.), i.e. Roger at the Hill.","Register of St. George, Hanover Square, 1725-1809 (Harleian Society), vol. ii, p. 233","Register of St. George, Hanover Square, 1725-1809 (Harleian Society)",St. Geo. Han. Sq. ii. 233,1801. Married—William a'Beckett and Sarah Abbott: St. Geo. Han. Sq. ii. 233.,38,1,A'Becket,"Philadelphia, 3",high,https://archive.org/details/adictionaryengl00goog/page/38/mode/1up
58,Sarah,Abbott,"at the Beck-head, from residence at the head or source of the beck",Local,1801,1801,1801,Marriage,London,False,"St. George, Hanover Square, London",Married William a'Beckett,"Cf. Birkett, originally Birk-head, or Birkenhead, the head of the birch-trees. Birkett is a Cumberland surname. Birkenhead, co. Chester, is but a variant, being the adjectival form; v. Beck. Cf. Roger a'Hulle (co. Oxf., 1273. A.), i.e. Roger at the Hill.","Register of St. George, Hanover Square, 1725-1809 (Harleian Society), vol. ii, p. 233","Register of St. George, Hanover Square, 1725-1809 (Harleian Society)",St. Geo. Han. Sq. ii. 233,1801. Married—William a'Beckett and Sarah Abbott: St. Geo. Han. Sq. ii. 233.,38,1,A'Becket,"Philadelphia, 3",high,https://archive.org/details/adictionaryengl00goog/page/38/mode/1up
59,Richard,Abel,the son of Abel,Baptismal,1273,1273,1273,,Buckinghamshire,False,Buckinghamshire,,"Much more popular in mediaeval society than in that of the 19th century. Among the peasantry, however, Abel still receives a certain amount of attention as a font-name.","Hundred Rolls, 1273","Hundred Rolls, 1273",A,"Richard Abel, co. Bucks, 1273. A.",38,1,"Abel, Abell, Abells, Ableson, Able","Boston (U.S.), 58, 10, 2, 0, 0; London, 7, 8, 1, 1, 0; MDB. (N. Rid. Yorkshire), Able 1",high,https://archive.org/details/adictionaryengl00goog/page/38/mode/1up
60,Abel,le Specer,the son of Abel,Baptismal,1273,1273,1273,,Derbyshire,False,Derbyshire,Abel here is the font-name; le Specer = the spicer,"Much more popular in mediaeval society than in that of the 19th century. Among the peasantry, however, Abel still receives a certain amount of attention as a font-name.","Hundred Rolls, 1273","Hundred Rolls, 1273",ibid.,"Abel le Specer, co. Derby, ibid.",38,1,"Abel, Abell, Abells, Ableson, Able","Boston (U.S.), 58, 10, 2, 0, 0; London, 7, 8, 1, 1, 0; MDB. (N. Rid. Yorkshire), Able 1",high,https://archive.org/details/adictionaryengl00goog/page/38/mode/1up
61,Henry,Abel,the son of Abel,Baptismal,1273,1273,1273,,Nottinghamshire,False,Nottinghamshire,,"Much more popular in mediaeval society than in that of the 19th century. Among the peasantry, however, Abel still receives a certain amount of attention as a font-name.","Hundred Rolls, 1273","Hundred Rolls, 1273",ibid.,"Henry Abel, co. Notts, ibid.",38,1,"Abel, Abell, Abells, Ableson, Able","Boston (U.S.), 58, 10, 2, 0, 0; London, 7, 8, 1, 1, 0; MDB. (N. Rid. Yorkshire), Able 1",high,https://archive.org/details/adictionaryengl00goog/page/38/mode/1up
62,Allan,Abel,the son of Abel,Baptismal,1273,1273,1273,,Cambridgeshire,False,Cambridgeshire,,"Much more popular in mediaeval society than in that of the 19th century. Among the peasantry, however, Abel still receives a certain amount of attention as a font-name.","Hundred Rolls, 1273","Hundred Rolls, 1273",ibid.,"Allan Abel, co. Camb., ibid.",38,1,"Abel, Abell, Abells, Ableson, Able","Boston (U.S.), 58, 10, 2, 0, 0; London, 7, 8, 1, 1, 0; MDB. (N. Rid. Yorkshire), Able 1",high,https://archive.org/details/adictionaryengl00goog/page/38/mode/1up
63,Abel,le Orfeure,the son of Abel,Baptismal,,,,,,False,,Abel here is the font-name; le Orfeure = the goldsmith,"Much more popular in mediaeval society than in that of the 19th century. Among the peasantry, however, Abel still receives a certain amount of attention as a font-name.",Excerpta e Rotulis Finium in Turri Londinensi,Excerpta e Rotulis Finium in Turri Londinensi,T,Abel le Orfeure. T.,38,1,"Abel, Abell, Abells, Ableson, Able","Boston (U.S.), 58, 10, 2, 0, 0; London, 7, 8, 1, 1, 0; MDB. (N. Rid. Yorkshire), Able 1",high,https://archive.org/details/adictionaryengl00goog/page/38/mode/1up
64,Richard,Abel,the son of Abel,Baptismal,1 Edw. III,1327,1327,,Somerset,False,Somerset,,"Much more popular in mediaeval society than in that of the 19th century. Among the peasantry, however, Abel still receives a certain amount of attention as a font-name.","Kirby's Quest for Somerset (Exchequer Lay Subsidy, 1 Edw. III), Somerset Record Society, 1889, p. 201","Kirby's Quest for Somerset (Exchequer Lay Subsidy, 1 Edw. III), Somerset Record Society, 1889","Kirby's Quest, p. 201","Richard Abel, co. Soms., 1 Edw. III: Kirby's Quest, p. 201.",38,1,"Abel, Abell, Abells, Ableson, Able","Boston (U.S.), 58, 10, 2, 0, 0; London, 7, 8, 1, 1, 0; MDB. (N. Rid. Yorkshire), Able 1",high,https://archive.org/details/adictionaryengl00goog/page/38/mode/1up
65,George,Abell,the son of Abel,Baptismal,1578,1578,1578,,Derbyshire,False,Derbyshire,Oxford University register entry; of co. Derby,"Much more popular in mediaeval society than in that of the 19th century. Among the peasantry, however, Abel still receives a certain amount of attention as a font-name.","Register of the University of Oxford (Oxford Historical Society), vol. ii, pt. ii, p. 83",Register of the University of Oxford (Oxford Historical Society),Reg. Univ. Oxf. vol. ii. pt. ii. p. 83,"1578. George Abell, co. Derby: Reg. Univ. Oxf. vol. ii. pt. ii. p. 83.",38,1,"Abel, Abell, Abells, Ableson, Able","Boston (U.S.), 58, 10, 2, 0, 0; London, 7, 8, 1, 1, 0; MDB. (N. Rid. Yorkshire), Able 1",high,https://archive.org/details/adictionaryengl00goog/page/38/mode/1up
66,Richard,Abelson,the son of Abel,Baptismal,1623,1623,1623,Marriage licence,London,False,"Westminster, London",Licence to marry Ellen Brocke,"Much more popular in mediaeval society than in that of the 19th century. Among the peasantry, however, Abel still receives a certain amount of attention as a font-name.","Allegations for Marriage Licences issued by the Dean and Chapter of Westminster, 1558-1699 (Harleian Society), p. 29","Allegations for Marriage Licences issued by the Dean and Chapter of Westminster, 1558-1699 (Harleian Society)","Marriage Lic. (Westminster), p. 29","1623. Richard Abelson and Ellen Brocke: Marriage Lic. (Westminster), p. 29.",38,1,"Abel, Abell, Abells, Ableson, Able","Boston (U.S.), 58, 10, 2, 0, 0; London, 7, 8, 1, 1, 0; MDB. (N. Rid. Yorkshire), Able 1",high,https://archive.org/details/adictionaryengl00goog/page/38/mode/1up
67,Ellen,Brocke,the son of Abel,Baptismal,1623,1623,1623,Marriage licence,London,False,"Westminster, London",Licence to marry Richard Abelson,"Much more popular in mediaeval society than in that of the 19th century. Among the peasantry, however, Abel still receives a certain amount of attention as a font-name.","Allegations for Marriage Licences issued by the Dean and Chapter of Westminster, 1558-1699 (Harleian Society), p. 29","Allegations for Marriage Licences issued by the Dean and Chapter of Westminster, 1558-1699 (Harleian Society)","Marriage Lic. (Westminster), p. 29","1623. Richard Abelson and Ellen Brocke: Marriage Lic. (Westminster), p. 29.",38,1,"Abel, Abell, Abells, Ableson, Able","Boston (U.S.), 58, 10, 2, 0, 0; London, 7, 8, 1, 1, 0; MDB. (N. Rid. Yorkshire), Able 1",high,https://archive.org/details/adictionaryengl00goog/page/38/mode/1up
68,William,Abell,the son of Abel,Baptismal,1714,1714,1714,,Norfolk,False,"Brampton, Norfolk",Patron of Brampton,"Much more popular in mediaeval society than in that of the 19th century. Among the peasantry, however, Abel still receives a certain amount of attention as a font-name.","History of Norfolk (Blomefield and Parkin), vol. vi, p. 440",History of Norfolk (Blomefield and Parkin),FF. vi. 440,"1714. William Abell, patron of Brampton, co. Norf.: FF. vi. 440.",38,1,"Abel, Abell, Abells, Ableson, Able","Boston (U.S.), 58, 10, 2, 0, 0; London, 7, 8, 1, 1, 0; MDB. (N. Rid. Yorkshire), Able 1",high,https://archive.org/details/adictionaryengl00goog/page/38/mode/1up
69,,Abethell,"Ab-Ithel (Welsh), i.e. the son of Ithel",Baptismal,,,,,,False,,,"v. Bethell, and cf. Abadam.",,,,,38,1,Abethell,"London, 1",high,https://archive.org/details/adictionaryengl00goog/page/38/mode/1up
70,Abelot,,"the son of Abel, from dim. Abel-ot",Baptismal,1273,1273,1273,,Cambridgeshire,False,Cambridgeshire,Recorded without surname; Abelot is the font-name,A feminine form occurs in the Hundred Rolls; v. infra.,"Hundred Rolls, 1273","Hundred Rolls, 1273",A,"Abelot (without surname), co. Camb., 1273. A.",38,1,"Ablett, Ablott, Abletson","London, 4, 0, 0",high,https://archive.org/details/adictionaryengl00goog/page/38/mode/1up
71,William,Abelot,"the son of Abel, from dim. Abel-ot",Baptismal,1273,1273,1273,,Cambridgeshire,False,Cambridgeshire,,A feminine form occurs in the Hundred Rolls; v. infra.,"Hundred Rolls, 1273","Hundred Rolls, 1273",ibid.,"William Abelot, co. Camb., ibid.",38,1,"Ablett, Ablott, Abletson","London, 4, 0, 0",high,https://archive.org/details/adictionaryengl00goog/page/38/mode/1up
72,Abalotta,de la Forde,"the son of Abel, from dim. Abel-ot",Baptismal,1273,1273,1273,,Huntingdonshire,False,Huntingdonshire,Abalotta is the feminine form of the font-name Abelot,A feminine form occurs in the Hundred Rolls; v. infra.,"Hundred Rolls, 1273","Hundred Rolls, 1273",ibid.,"Abalotta de la Forde, co. Hunts, ibid.",38,1,"Ablett, Ablott, Abletson","London, 4, 0, 0",high,https://archive.org/details/adictionaryengl00goog/page/38/mode/1up
73,Richard,Abelote,"the son of Abel, from dim. Abel-ot",Baptismal,,,,,,False,,,A feminine form occurs in the Hundred Rolls; v. infra.,Domesday Book of St. Paul's (Camden Society),Domesday Book of St. Paul's (Camden Society),V. 11,Richard Abelote. V. 11.,38,1,"Ablett, Ablott, Abletson","London, 4, 0, 0",high,https://archive.org/details/adictionaryengl00goog/page/38/mode/1up
74,William,Ablot,"the son of Abel, from dim. Abel-ot",Baptismal,10 Edw. III,1336,1336,,Yorkshire,False,York,Admitted a freeman of York,A feminine form occurs in the Hundred Rolls; v. infra.,"Register of the Freemen of the City of York, vol. i, 1272-1558 (Surtees Society, 1897), p. 31","Register of the Freemen of the City of York, vol. i, 1272-1558 (Surtees Society, 1897)","Freemen of York, i. 31","William Ablot, 10 Edw. III: Freemen of York, i. 31.",38,1,"Ablett, Ablott, Abletson","London, 4, 0, 0",high,https://archive.org/details/adictionaryengl00goog/page/38/mode/1up
75,William,Abletson,"the son of Abel, from dim. Abel-ot",Baptismal,"Jan. 16, 1437",1437,1437,,Durham,False,Gateshead,"Husband of Agnes; Robert Rodes, of the town of Newcastle upon Tyne, conveyed a house in Gateshead to them",A feminine form occurs in the Hundred Rolls; v. infra.,"History and Antiquities of Newcastle upon Tyne (John Brand), vol. i, p. 261",History and Antiquities of Newcastle upon Tyne (John Brand),"Brand's Hist. of Newcastle, i. 261","'Jan. 16, 1437. Robert Rodes, of the town of Newcastle upon Tyne, conveyed a house in Gateshead to William Abletson and Agnes his wife': Brand's Hist. of Newcastle, i. 261.",38,1,"Ablett, Ablott, Abletson","London, 4, 0, 0",high,https://archive.org/details/adictionaryengl00goog/page/38/mode/1up
76,Robert,Rodes,"the son of Abel, from dim. Abel-ot",Baptismal,"Jan. 16, 1437",1437,1437,,Durham,False,Gateshead,Of the town of Newcastle upon Tyne; conveyed a house in Gateshead to William Abletson and Agnes his wife,A feminine form occurs in the Hundred Rolls; v. infra.,"History and Antiquities of Newcastle upon Tyne (John Brand), vol. i, p. 261",History and Antiquities of Newcastle upon Tyne (John Brand),"Brand's Hist. of Newcastle, i. 261","'Jan. 16, 1437. Robert Rodes, of the town of Newcastle upon Tyne, conveyed a house in Gateshead to William Abletson and Agnes his wife': Brand's Hist. of Newcastle, i. 261.",38,1,"Ablett, Ablott, Abletson","London, 4, 0, 0",high,https://archive.org/details/adictionaryengl00goog/page/38/mode/1up
77,Agnes,(unknown),"the son of Abel, from dim. Abel-ot",Baptismal,"Jan. 16, 1437",1437,1437,,Durham,False,Gateshead,"Wife of William Abletson; Robert Rodes, of the town of Newcastle upon Tyne, conveyed a house in Gateshead to them",A feminine form occurs in the Hundred Rolls; v. infra.,"History and Antiquities of Newcastle upon Tyne (John Brand), vol. i, p. 261",History and Antiquities of Newcastle upon Tyne (John Brand),"Brand's Hist. of Newcastle, i. 261","'Jan. 16, 1437. Robert Rodes, of the town of Newcastle upon Tyne, conveyed a house in Gateshead to William Abletson and Agnes his wife': Brand's Hist. of Newcastle, i. 261.",38,1,"Ablett, Ablott, Abletson","London, 4, 0, 0",high,https://archive.org/details/adictionaryengl00goog/page/38/mode/1up
78,Hannah,Ablett,"the son of Abel, from dim. Abel-ot",Baptismal,1770,1770,1770,Marriage,London,False,"St. George, Hanover Square, London",Married Rene Rogier,A feminine form occurs in the Hundred Rolls; v. infra.,"Register of St. George, Hanover Square, 1725-1809 (Harleian Society), vol. i, p. 194","Register of St. George, Hanover Square, 1725-1809 (Harleian Society)",St. Geo. Han. Sq. i. 194,1770. Rene Rogier and Hannah Ablett: St. Geo. Han. Sq. i. 194.,38,1,"Ablett, Ablott, Abletson","London, 4, 0, 0",high,https://archive.org/details/adictionaryengl00goog/page/38/mode/1up
79,Rene,Rogier,"the son of Abel, from dim. Abel-ot",Baptismal,1770,1770,1770,Marriage,London,False,"St. George, Hanover Square, London",Married Hannah Ablett,A feminine form occurs in the Hundred Rolls; v. infra.,"Register of St. George, Hanover Square, 1725-1809 (Harleian Society), vol. i, p. 194","Register of St. George, Hanover Square, 1725-1809 (Harleian Society)",St. Geo. Han. Sq. i. 194,1770. Rene Rogier and Hannah Ablett: St. Geo. Han. Sq. i. 194.,38,1,"Ablett, Ablott, Abletson","London, 4, 0, 0",high,https://archive.org/details/adictionaryengl00goog/page/38/mode/1up
80,,Ablewhite,"doubtless a corruption of Applethwaite, q.v.",Local,,,,,,False,,,Cf. Hebblewhite.,,,,,38,1,Ablewhite,,high,https://archive.org/details/adictionaryengl00goog/page/38/mode/1up
81,Thomas,Abelyn,"the son of Abel, from the dim. Abel-in",Baptismal,1273,1273,1273,,Kent,False,Kent,,v. Aplin (2).,"Hundred Rolls, 1273","Hundred Rolls, 1273",A,"Thomas Abelyn, co. Kent, 1273. A.",38,1,Ablin,,high,https://archive.org/details/adictionaryengl00goog/page/38/mode/1up
82,Isolda,Abelin,"the son of Abel, from the dim. Abel-in",Baptismal,6 Edw. I,1277,1278,,,False,,,v. Aplin (2).,"Calendarium Genealogicum: Henry III-Edw. I, ed. Chas. Roberts","Calendarium Genealogicum: Henry III-Edw. I, ed. Chas. Roberts",BBB,"Isolda Abelin, 6 Edw. I. BBB.",38,2,Ablin,,high,https://archive.org/details/adictionaryengl00goog/page/38/mode/1up
83,John,Ablin,"the son of Abel, from the dim. Abel-in",Baptismal,1685,1685,1685,Baptism,London,False,"St. James, Clerkenwell, London",Son of Edward Ablin,v. Aplin (2).,"Register of St. James, Clerkenwell, 1551-1754 (Harleian Society), vol. i, p. 311","Register of St. James, Clerkenwell, 1551-1754 (Harleian Society)","St. Jas. Clerkenwell, i. 311","1685. Bapt.—John, son of Edward Ablin: St. Jas. Clerkenwell, i. 311.",38,2,Ablin,,high,https://archive.org/details/adictionaryengl00goog/page/38/mode/1up
84,Edward,Ablin,"the son of Abel, from the dim. Abel-in",Baptismal,1685,1685,1685,Baptism,London,False,"St. James, Clerkenwell, London","Father of John Ablin, baptised",v. Aplin (2).,"Register of St. James, Clerkenwell, 1551-1754 (Harleian Society), vol. i, p. 311","Register of St. James, Clerkenwell, 1551-1754 (Harleian Society)","St. Jas. Clerkenwell, i. 311","1685. Bapt.—John, son of Edward Ablin: St. Jas. Clerkenwell, i. 311.",38,2,Ablin,,high,https://archive.org/details/adictionaryengl00goog/page/38/mode/1up
85,Thomas,Ablin,"the son of Abel, from the dim. Abel-in",Baptismal,1721,1721,1721,Baptism,London,False,"St. James, Clerkenwell, London",Son of Francis Ablin,v. Aplin (2).,"Register of St. James, Clerkenwell, 1551-1754 (Harleian Society), vol. ii, p. 127","Register of St. James, Clerkenwell, 1551-1754 (Harleian Society)",ibid. ii. 127,"1721. — Thomas, son of Francis Ablin: ibid. ii. 127.",38,2,Ablin,,high,https://archive.org/details/adictionaryengl00goog/page/38/mode/1up
86,Francis,Ablin,"the son of Abel, from the dim. Abel-in",Baptismal,1721,1721,1721,Baptism,London,False,"St. James, Clerkenwell, London","Father of Thomas Ablin, baptised",v. Aplin (2).,"Register of St. James, Clerkenwell, 1551-1754 (Harleian Society), vol. ii, p. 127","Register of St. James, Clerkenwell, 1551-1754 (Harleian Society)",ibid. ii. 127,"1721. — Thomas, son of Francis Ablin: ibid. ii. 127.",38,2,Ablin,,high,https://archive.org/details/adictionaryengl00goog/page/38/mode/1up
87,John,Abraam,"(1) the son of Abraham; (2) of Abram, a township in the parish of Wigan, Lancashire",Baptismal; Local,1273,1273,1273,,Bedfordshire,False,Bedfordshire,[Unclear: surname smudged after 'Abr'; reads 'Abraam'],"(1) A popular font-name in the 13th century; v. Abbot. In the Fen district especially the entries are common. The instances in the Hundred Rolls are all but entirely confined to the Fen counties. A glance at the London Directory will show that in general Abraham represents the old English stock, and Abrahams the more modern Jewish. This is proved by comparing the personal or Christian names prefixed to the instances; cf. Solomon and Salmon. (2) Abram was originally written Adburgham. The Lancashire Abram and Abraham spring from this place.","Hundred Rolls, 1273","Hundred Rolls, 1273",A,"John Abraam, co. Bedf., 1273. A.",38,2,"Abraham, Abrahams, Abrahamson, Abram, Abrams, Abramson","London, 24, 56, 3, 3, 0, 0; Liverpool, 11, 3, 0, 2, 0, 0; Philadelphia, 14, 21, 2, 11, 28, 1",low,https://archive.org/details/adictionaryengl00goog/page/38/mode/1up
88,Ralph,Abraham,"(1) the son of Abraham; (2) of Abram, a township in the parish of Wigan, Lancashire",Baptismal; Local,1273,1273,1273,,Cambridgeshire,False,Cambridgeshire,,"(1) A popular font-name in the 13th century; v. Abbot. In the Fen district especially the entries are common. The instances in the Hundred Rolls are all but entirely confined to the Fen counties. A glance at the London Directory will show that in general Abraham represents the old English stock, and Abrahams the more modern Jewish. This is proved by comparing the personal or Christian names prefixed to the instances; cf. Solomon and Salmon. (2) Abram was originally written Adburgham. The Lancashire Abram and Abraham spring from this place.","Hundred Rolls, 1273","Hundred Rolls, 1273",ibid.,"Ralph Abraham, co. Camb., ibid.",38,2,"Abraham, Abrahams, Abrahamson, Abram, Abrams, Abramson","London, 24, 56, 3, 3, 0, 0; Liverpool, 11, 3, 0, 2, 0, 0; Philadelphia, 14, 21, 2, 11, 28, 1",high,https://archive.org/details/adictionaryengl00goog/page/38/mode/1up
89,John,Abraham,"(1) the son of Abraham; (2) of Abram, a township in the parish of Wigan, Lancashire",Baptismal; Local,1 Edw. III,1327,1327,,Somerset,False,Somerset,,"(1) A popular font-name in the 13th century; v. Abbot. In the Fen district especially the entries are common. The instances in the Hundred Rolls are all but entirely confined to the Fen counties. A glance at the London Directory will show that in general Abraham represents the old English stock, and Abrahams the more modern Jewish. This is proved by comparing the personal or Christian names prefixed to the instances; cf. Solomon and Salmon. (2) Abram was originally written Adburgham. The Lancashire Abram and Abraham spring from this place.","Kirby's Quest for Somerset (Exchequer Lay Subsidy, 1 Edw. III), Somerset Record Society, 1889, p. 111","Kirby's Quest for Somerset (Exchequer Lay Subsidy, 1 Edw. III), Somerset Record Society, 1889","Kirby's Quest, p. 111","John Abraham, co. Soms., 1 Edw. III: Kirby's Quest, p. 111.",38,2,"Abraham, Abrahams, Abrahamson, Abram, Abrams, Abramson","London, 24, 56, 3, 3, 0, 0; Liverpool, 11, 3, 0, 2, 0, 0; Philadelphia, 14, 21, 2, 11, 28, 1",high,https://archive.org/details/adictionaryengl00goog/page/38/mode/1up
90,William,fil. Abraham,"(1) the son of Abraham; (2) of Abram, a township in the parish of Wigan, Lancashire",Baptismal; Local,20 Edw. I,1291,1292,,Lincolnshire,False,Lincolnshire,son of Abraham,"(1) A popular font-name in the 13th century; v. Abbot. In the Fen district especially the entries are common. The instances in the Hundred Rolls are all but entirely confined to the Fen counties. A glance at the London Directory will show that in general Abraham represents the old English stock, and Abrahams the more modern Jewish. This is proved by comparing the personal or Christian names prefixed to the instances; cf. Solomon and Salmon. (2) Abram was originally written Adburgham. The Lancashire Abram and Abraham spring from this place.","Placita de Quo Warranto, temp. Edw. I-III","Placita de Quo Warranto, temp. Edw. I-III",R,"William fil. Abraham, co. Linc., 20 Edw. I. R.",38,2,"Abraham, Abrahams, Abrahamson, Abram, Abrams, Abramson","London, 24, 56, 3, 3, 0, 0; Liverpool, 11, 3, 0, 2, 0, 0; Philadelphia, 14, 21, 2, 11, 28, 1",high,https://archive.org/details/adictionaryengl00goog/page/38/mode/1up
91,Abraham,(unknown),"(1) the son of Abraham; (2) of Abram, a township in the parish of Wigan, Lancashire",Baptismal; Local,20 Edw. I,1291,1292,,Lincolnshire,False,Lincolnshire,Father of William fil. Abraham. Recorded as a patronymic - may not necessarily be nominative form,"(1) A popular font-name in the 13th century; v. Abbot. In the Fen district especially the entries are common. The instances in the Hundred Rolls are all but entirely confined to the Fen counties. A glance at the London Directory will show that in general Abraham represents the old English stock, and Abrahams the more modern Jewish. This is proved by comparing the personal or Christian names prefixed to the instances; cf. Solomon and Salmon. (2) Abram was originally written Adburgham. The Lancashire Abram and Abraham spring from this place.","Placita de Quo Warranto, temp. Edw. I-III","Placita de Quo Warranto, temp. Edw. I-III",R,"William fil. Abraham, co. Linc., 20 Edw. I. R.",38,2,"Abraham, Abrahams, Abrahamson, Abram, Abrams, Abramson","London, 24, 56, 3, 3, 0, 0; Liverpool, 11, 3, 0, 2, 0, 0; Philadelphia, 14, 21, 2, 11, 28, 1",high,https://archive.org/details/adictionaryengl00goog/page/38/mode/1up
92,Magota,Abraham,"(1) the son of Abraham; (2) of Abram, a township in the parish of Wigan, Lancashire",Baptismal; Local,1379,1379,1379,,Yorkshire,False,West Riding of Yorkshire,,"(1) A popular font-name in the 13th century; v. Abbot. In the Fen district especially the entries are common. The instances in the Hundred Rolls are all but entirely confined to the Fen counties. A glance at the London Directory will show that in general Abraham represents the old English stock, and Abrahams the more modern Jewish. This is proved by comparing the personal or Christian names prefixed to the instances; cf. Solomon and Salmon. (2) Abram was originally written Adburgham. The Lancashire Abram and Abraham spring from this place.","Poll Tax, West Riding of Yorkshire, 1379, p. 299","Poll Tax, West Riding of Yorkshire, 1379",P. T. Yorks. p. 299,"Magota Abraham, 1379: P. T. Yorks. p. 299.",38,2,"Abraham, Abrahams, Abrahamson, Abram, Abrams, Abramson","London, 24, 56, 3, 3, 0, 0; Liverpool, 11, 3, 0, 2, 0, 0; Philadelphia, 14, 21, 2, 11, 28, 1",high,https://archive.org/details/adictionaryengl00goog/page/38/mode/1up
93,Gilbert,de Abram,"(1) the son of Abraham; (2) of Abram, a township in the parish of Wigan, Lancashire",Baptismal; Local,temp. Hen. IV,1399,1413,,,False,,"de Abram = of Abram (township in the parish of Wigan, Lancashire)","(1) A popular font-name in the 13th century; v. Abbot. In the Fen district especially the entries are common. The instances in the Hundred Rolls are all but entirely confined to the Fen counties. A glance at the London Directory will show that in general Abraham represents the old English stock, and Abrahams the more modern Jewish. This is proved by comparing the personal or Christian names prefixed to the instances; cf. Solomon and Salmon. (2) Abram was originally written Adburgham. The Lancashire Abram and Abraham spring from this place.",,,,"Gilbert de Abram, temp. Hen. IV.",38,2,"Abraham, Abrahams, Abrahamson, Abram, Abrams, Abramson","London, 24, 56, 3, 3, 0, 0; Liverpool, 11, 3, 0, 2, 0, 0; Philadelphia, 14, 21, 2, 11, 28, 1",high,https://archive.org/details/adictionaryengl00goog/page/38/mode/1up
94,John,Abraham,"(1) the son of Abraham; (2) of Abram, a township in the parish of Wigan, Lancashire",Baptismal; Local,temp. Hen. V,1413,1422,,Lancashire,False,"Abraham (Abram), Lancashire",of Abraham (the township of Abram),"(1) A popular font-name in the 13th century; v. Abbot. In the Fen district especially the entries are common. The instances in the Hundred Rolls are all but entirely confined to the Fen counties. A glance at the London Directory will show that in general Abraham represents the old English stock, and Abrahams the more modern Jewish. This is proved by comparing the personal or Christian names prefixed to the instances; cf. Solomon and Salmon. (2) Abram was originally written Adburgham. The Lancashire Abram and Abraham spring from this place.","Baines' History of the County Palatine and Duchy of Lancaster, vol. ii, p. 190",Baines' History of the County Palatine and Duchy of Lancaster,Baines' Lanc. ii. 190,"John Abraham of Abraham, temp. Hen. V: Baines' Lanc. ii. 190.",38,2,"Abraham, Abrahams, Abrahamson, Abram, Abrams, Abramson","London, 24, 56, 3, 3, 0, 0; Liverpool, 11, 3, 0, 2, 0, 0; Philadelphia, 14, 21, 2, 11, 28, 1",high,https://archive.org/details/adictionaryengl00goog/page/38/mode/1up
95,Isaac,Abraham,"(1) the son of Abraham; (2) of Abram, a township in the parish of Wigan, Lancashire",Baptismal; Local,1613,1613,1613,Will,Lancashire,False,"Liverpool, Lancashire",of Liverpool,"(1) A popular font-name in the 13th century; v. Abbot. In the Fen district especially the entries are common. The instances in the Hundred Rolls are all but entirely confined to the Fen counties. A glance at the London Directory will show that in general Abraham represents the old English stock, and Abrahams the more modern Jewish. This is proved by comparing the personal or Christian names prefixed to the instances; cf. Solomon and Salmon. (2) Abram was originally written Adburgham. The Lancashire Abram and Abraham spring from this place.","Wills at Chester, 1545-1720, ed. J. P. Earwaker (Lancashire and Cheshire Record Society), vol. i, pp. 128-9","Wills at Chester, 1545-1720, ed. J. P. Earwaker (Lancashire and Cheshire Record Society), vol. i, pp. 128-9","Wills at Chester, i. 128-9","Isaac Abraham, of Liverpool, 1613: Wills at Chester, i. 128-9.",38,2,"Abraham, Abrahams, Abrahamson, Abram, Abrams, Abramson","London, 24, 56, 3, 3, 0, 0; Liverpool, 11, 3, 0, 2, 0, 0; Philadelphia, 14, 21, 2, 11, 28, 1",high,https://archive.org/details/adictionaryengl00goog/page/38/mode/1up
96,Nicholas,Lucas,"(1) the son of Abraham; (2) of Abram, a township in the parish of Wigan, Lancashire",Baptismal; Local,1598,1598,1598,Will,Cheshire,False,"Alpraham, Cheshire","of Alpraham; not a bearer of the surname, cited for the place-name Alpraham","(1) A popular font-name in the 13th century; v. Abbot. In the Fen district especially the entries are common. The instances in the Hundred Rolls are all but entirely confined to the Fen counties. A glance at the London Directory will show that in general Abraham represents the old English stock, and Abrahams the more modern Jewish. This is proved by comparing the personal or Christian names prefixed to the instances; cf. Solomon and Salmon. (2) Abram was originally written Adburgham. The Lancashire Abram and Abraham spring from this place.","Wills at Chester, 1545-1720, ed. J. P. Earwaker (Lancashire and Cheshire Record Society), vol. i","Wills at Chester, 1545-1720, ed. J. P. Earwaker (Lancashire and Cheshire Record Society)",ibid.,"Nicholas Lucas, of Alpraham, 1598: ibid.",38,2,"Abraham, Abrahams, Abrahamson, Abram, Abrams, Abramson","London, 24, 56, 3, 3, 0, 0; Liverpool, 11, 3, 0, 2, 0, 0; Philadelphia, 14, 21, 2, 11, 28, 1",high,https://archive.org/details/adictionaryengl00goog/page/38/mode/1up
97,Robert,Lythgoe,"(1) the son of Abraham; (2) of Abram, a township in the parish of Wigan, Lancashire",Baptismal; Local,1578,1578,1578,Will,Lancashire,False,"Abram, Lancashire","of Abram; not a bearer of the surname, cited for the place-name Abram","(1) A popular font-name in the 13th century; v. Abbot. In the Fen district especially the entries are common. The instances in the Hundred Rolls are all but entirely confined to the Fen counties. A glance at the London Directory will show that in general Abraham represents the old English stock, and Abrahams the more modern Jewish. This is proved by comparing the personal or Christian names prefixed to the instances; cf. Solomon and Salmon. (2) Abram was originally written Adburgham. The Lancashire Abram and Abraham spring from this place.","Wills at Chester, 1545-1720, ed. J. P. Earwaker (Lancashire and Cheshire Record Society), vol. i","Wills at Chester, 1545-1720, ed. J. P. Earwaker (Lancashire and Cheshire Record Society)",ibid.,"Robert Lythgoe, of Abram, 1578: ibid.",38,2,"Abraham, Abrahams, Abrahamson, Abram, Abrams, Abramson","London, 24, 56, 3, 3, 0, 0; Liverpool, 11, 3, 0, 2, 0, 0; Philadelphia, 14, 21, 2, 11, 28, 1",high,https://archive.org/details/adictionaryengl00goog/page/38/mode/1up
98,William,Abram,"(1) the son of Abraham; (2) of Abram, a township in the parish of Wigan, Lancashire",Baptismal; Local,1617,1617,1617,Will,Lancashire,False,"parish of Sephton (Sefton), Lancashire",of the parish of Sephton,"(1) A popular font-name in the 13th century; v. Abbot. In the Fen district especially the entries are common. The instances in the Hundred Rolls are all but entirely confined to the Fen counties. A glance at the London Directory will show that in general Abraham represents the old English stock, and Abrahams the more modern Jewish. This is proved by comparing the personal or Christian names prefixed to the instances; cf. Solomon and Salmon. (2) Abram was originally written Adburgham. The Lancashire Abram and Abraham spring from this place.","Wills at Chester, 1545-1720, ed. J. P. Earwaker (Lancashire and Cheshire Record Society), vol. i","Wills at Chester, 1545-1720, ed. J. P. Earwaker (Lancashire and Cheshire Record Society)",ibid.,"William Abram, parish of Sephton, 1617: ibid.",38,2,"Abraham, Abrahams, Abrahamson, Abram, Abrams, Abramson","London, 24, 56, 3, 3, 0, 0; Liverpool, 11, 3, 0, 2, 0, 0; Philadelphia, 14, 21, 2, 11, 28, 1",high,https://archive.org/details/adictionaryengl00goog/page/38/mode/1up
99,Alan,fil. Abrahee,"the son of Abrahee, presumably a form of Abraham",Baptismal,1273,1273,1273,,Lincolnshire,False,Lincolnshire,son of Abrahee,,"Hundred Rolls, 1273","Hundred Rolls, 1273",A,"Alan fil. Abrahee, co. Linc., 1273. A.",38,2,Abry,"New York, 3",high,https://archive.org/details/adictionaryengl00goog/page/38/mode/1up
100,Abrahee,(unknown),"the son of Abrahee, presumably a form of Abraham",Baptismal,1273,1273,1273,,Lincolnshire,False,Lincolnshire,Father of Alan fil. Abrahee. Recorded as a patronymic - may not necessarily be nominative form,,"Hundred Rolls, 1273","Hundred Rolls, 1273",A,"Alan fil. Abrahee, co. Linc., 1273. A.",38,2,Abry,"New York, 3",high,https://archive.org/details/adictionaryengl00goog/page/38/mode/1up
101,Dyav,fil. Abrahe,"the son of Abrahee, presumably a form of Abraham",Baptismal,1273,1273,1273,,Lincolnshire,False,Lincolnshire,[Unclear: first name reads 'Dyav'; final letter could be 'y' (Dyay)] son of Abrahe,,"Hundred Rolls, 1273","Hundred Rolls, 1273",ibid.,"Dyav fil. Abrahe, co. Linc., ibid.",38,2,Abry,"New York, 3",low,https://archive.org/details/adictionaryengl00goog/page/38/mode/1up
102,Abrahe,(unknown),"the son of Abrahee, presumably a form of Abraham",Baptismal,1273,1273,1273,,Lincolnshire,False,Lincolnshire,Father of Dyav fil. Abrahe. Recorded as a patronymic - may not necessarily be nominative form,,"Hundred Rolls, 1273","Hundred Rolls, 1273",ibid.,"Dyav fil. Abrahe, co. Linc., ibid.",38,2,Abry,"New York, 3",low,https://archive.org/details/adictionaryengl00goog/page/38/mode/1up
103,William,fil. Abbrahee,"the son of Abrahee, presumably a form of Abraham",Baptismal,1273,1273,1273,,Lincolnshire,False,Lincolnshire,son of Abbrahee,,"Hundred Rolls, 1273","Hundred Rolls, 1273",ibid.,"William fil. Abbrahee, co. Linc., ibid.",38,2,Abry,"New York, 3",high,https://archive.org/details/adictionaryengl00goog/page/38/mode/1up
104,Abbrahee,(unknown),"the son of Abrahee, presumably a form of Abraham",Baptismal,1273,1273,1273,,Lincolnshire,False,Lincolnshire,Father of William fil. Abbrahee. Recorded as a patronymic - may not necessarily be nominative form,,"Hundred Rolls, 1273","Hundred Rolls, 1273",ibid.,"William fil. Abbrahee, co. Linc., ibid.",38,2,Abry,"New York, 3",high,https://archive.org/details/adictionaryengl00goog/page/38/mode/1up
105,Edward,Abrey,"the son of Abrahee, presumably a form of Abraham",Baptismal,1598,1598,1598,,,False,,Oxford University register entry,,"Register of the University of Oxford (Oxford Historical Society), vol. i, p. 349",Register of the University of Oxford (Oxford Historical Society),Reg. Univ. Oxf. i. 349,1598. Edward Abrey: Reg. Univ. Oxf. i. 349.,38,2,Abry,"New York, 3",high,https://archive.org/details/adictionaryengl00goog/page/38/mode/1up
106,Arthure,Abry,"the son of Abrahee, presumably a form of Abraham",Baptismal,1623,1623,1623,,Wiltshire,False,"Charnish, Wiltshire","Of Charnish, in com. Wilts (in the county of Wiltshire); husband of Alice (her maiden surname not given in this extract)",,"Visitation of Dorsetshire, 1623 (Harleian Society), p. 15","Visitation of Dorsetshire, 1623 (Harleian Society)","Visitation of Dorsetshire, 1623, p. 15","'Alice, married to Arthure Abry, of Charnish, in com. Wilts': Visitation of Dorsetshire, 1623, p. 15.",38,2,Abry,"New York, 3",high,https://archive.org/details/adictionaryengl00goog/page/38/mode/1up
107,Alice,(unknown),"the son of Abrahee, presumably a form of Abraham",Baptismal,1623,1623,1623,,Wiltshire,False,"Charnish, Wiltshire","Married to Arthure Abry, of Charnish, Wiltshire (her maiden surname not given in this extract)",,"Visitation of Dorsetshire, 1623 (Harleian Society), p. 15","Visitation of Dorsetshire, 1623 (Harleian Society)","Visitation of Dorsetshire, 1623, p. 15","'Alice, married to Arthure Abry, of Charnish, in com. Wilts': Visitation of Dorsetshire, 1623, p. 15.",38,2,Abry,"New York, 3",high,https://archive.org/details/adictionaryengl00goog/page/38/mode/1up
108,Elizabeth,Abrey,"the son of Abrahee, presumably a form of Abraham",Baptismal,1786,1786,1786,Marriage,London,False,"St. George, Hanover Square, London",Married Richard Lucas,,"Register of St. George, Hanover Square, 1725-1809 (Harleian Society), vol. i, p. 392","Register of St. George, Hanover Square, 1725-1809 (Harleian Society)",St. Geo. Han. Sq. i. 392,1786. Married—Richard Lucas and Elizabeth Abrey: St. Geo. Han. Sq. i. 392.,38,2,Abry,"New York, 3",high,https://archive.org/details/adictionaryengl00goog/page/38/mode/1up
109,Richard,Lucas,"the son of Abrahee, presumably a form of Abraham",Baptismal,1786,1786,1786,Marriage,London,False,"St. George, Hanover Square, London",Married Elizabeth Abrey,,"Register of St. George, Hanover Square, 1725-1809 (Harleian Society), vol. i, p. 392","Register of St. George, Hanover Square, 1725-1809 (Harleian Society)",St. Geo. Han. Sq. i. 392,1786. Married—Richard Lucas and Elizabeth Abrey: St. Geo. Han. Sq. i. 392.,38,2,Abry,"New York, 3",high,https://archive.org/details/adictionaryengl00goog/page/38/mode/1up
110,Robert,Abray,"the son of Abrahee, presumably a form of Abraham",Baptismal,1787,1787,1787,Marriage,London,False,"St. George, Hanover Square, London",Married Jane Ward,,"Register of St. George, Hanover Square, 1725-1809 (Harleian Society), vol. i, p. 410","Register of St. George, Hanover Square, 1725-1809 (Harleian Society)",ibid. p. 410,1787. — Robert Abray and Jane Ward: ibid. p. 410.,38,2,Abry,"New York, 3",high,https://archive.org/details/adictionaryengl00goog/page/38/mode/1up
111,Jane,Ward,"the son of Abrahee, presumably a form of Abraham",Baptismal,1787,1787,1787,Marriage,London,False,"St. George, Hanover Square, London",Married Robert Abray,,"Register of St. George, Hanover Square, 1725-1809 (Harleian Society), vol. i, p. 410","Register of St. George, Hanover Square, 1725-1809 (Harleian Society)",ibid. p. 410,1787. — Robert Abray and Jane Ward: ibid. p. 410.,38,2,Abry,"New York, 3",high,https://archive.org/details/adictionaryengl00goog/page/38/mode/1up
112,Thomas,Apsolon,the son of Absolom,Baptismal,1273,1273,1273,,London,False,London,,"A fairly popular font-name in the 13th century, and not confined to the Jews. 'Now was ther of that chirche a parish clerk, The which that was ycleped Absolon.' Chaucer, C. T. 3312.","Hundred Rolls, 1273","Hundred Rolls, 1273",A,"Thomas Apsolon, London, 1273. A.",38,3,"Absalom, Absalon, Absolom","London, 1, 1, 3; New York, 1, 1, 0",high,https://archive.org/details/adictionaryengl00goog/page/38/mode/1up
113,Absolon,in le Dyche,the son of Absolom,Baptismal,1273,1273,1273,,London,False,London,Absolon here is the font-name; 'in le Dyche' = in the ditch. Place and date from ibid. (previous line),"A fairly popular font-name in the 13th century, and not confined to the Jews. 'Now was ther of that chirche a parish clerk, The which that was ycleped Absolon.' Chaucer, C. T. 3312.","Hundred Rolls, 1273","Hundred Rolls, 1273",ibid.,"Absolon in le Dyche, ibid.",38,3,"Absalom, Absalon, Absolom","London, 1, 1, 3; New York, 1, 1, 0",high,https://archive.org/details/adictionaryengl00goog/page/38/mode/1up
114,Thomas,Absolon,the son of Absolom,Baptismal,19 Eliz.,1576,1577,,,False,,,"A fairly popular font-name in the 13th century, and not confined to the Jews. 'Now was ther of that chirche a parish clerk, The which that was ycleped Absolon.' Chaucer, C. T. 3312.","Patent Roll, 19 Eliz., part 7","Patent Roll, 19 Eliz., part 7","Patent Roll, 19 Eliz. pt. 7","Thomas Absolon: Patent Roll, 19 Eliz. pt. 7.",38,3,"Absalom, Absalon, Absolom","London, 1, 1, 3; New York, 1, 1, 0",high,https://archive.org/details/adictionaryengl00goog/page/38/mode/1up
115,Absolon,fil. Simon,the son of Absolom,Baptismal,,,,,,False,,son of Simon; Absolon here is the font-name,"A fairly popular font-name in the 13th century, and not confined to the Jews. 'Now was ther of that chirche a parish clerk, The which that was ycleped Absolon.' Chaucer, C. T. 3312.",Calendarium Rotulorum Patentium in Turri Londinensi,Calendarium Rotulorum Patentium in Turri Londinensi,C,Absolon fil. Simon. C.,38,3,"Absalom, Absalon, Absolom","London, 1, 1, 3; New York, 1, 1, 0",high,https://archive.org/details/adictionaryengl00goog/page/38/mode/1up
116,Simon,(unknown),the son of Absolom,Baptismal,,,,,,False,,Father of Absolon fil. Simon. Recorded as a patronymic - may not necessarily be nominative form,"A fairly popular font-name in the 13th century, and not confined to the Jews. 'Now was ther of that chirche a parish clerk, The which that was ycleped Absolon.' Chaucer, C. T. 3312.",Calendarium Rotulorum Patentium in Turri Londinensi,Calendarium Rotulorum Patentium in Turri Londinensi,C,Absolon fil. Simon. C.,38,3,"Absalom, Absalon, Absolom","London, 1, 1, 3; New York, 1, 1, 0",high,https://archive.org/details/adictionaryengl00goog/page/38/mode/1up
117,William,Absolon,the son of Absolom,Baptismal,1 Edw. III,1327,1327,,Somerset,False,Somerset,,"A fairly popular font-name in the 13th century, and not confined to the Jews. 'Now was ther of that chirche a parish clerk, The which that was ycleped Absolon.' Chaucer, C. T. 3312.","Kirby's Quest for Somerset (Exchequer Lay Subsidy, 1 Edw. III), Somerset Record Society, 1889, p. 172","Kirby's Quest for Somerset (Exchequer Lay Subsidy, 1 Edw. III), Somerset Record Society, 1889","Kirby's Quest, p. 172","William Absolon, co. Soms., 1 Edw. III: Kirby's Quest, p. 172.",38,3,"Absalom, Absalon, Absolom","London, 1, 1, 3; New York, 1, 1, 0",high,https://archive.org/details/adictionaryengl00goog/page/38/mode/1up
118,George,Absolon,the son of Absolom,Baptismal,1635,1635,1635,Emigration,Bermuda,False,Bermuda (Bormodos),'bound for ye Bormodos' (Bermuda),"A fairly popular font-name in the 13th century, and not confined to the Jews. 'Now was ther of that chirche a parish clerk, The which that was ycleped Absolon.' Chaucer, C. T. 3312.","Hotten's Original Lists of Emigrants, 1600-1700 (pub. 1874), p. 132","Hotten's Original Lists of Emigrants, 1600-1700 (pub. 1874)","Hotten's Lists of Emigrants, p. 132","George Absolon, 'bound for ye Bormodos,' 1635: Hotten's Lists of Emigrants, p. 132.",38,3,"Absalom, Absalon, Absolom","London, 1, 1, 3; New York, 1, 1, 0",high,https://archive.org/details/adictionaryengl00goog/page/38/mode/1up
119,Eliz[abeth],Absalom,the son of Absolom,Baptismal,1756,1756,1756,Marriage,London,False,"St. George, Hanover Square, London",Married Clemmuell Clark,"A fairly popular font-name in the 13th century, and not confined to the Jews. 'Now was ther of that chirche a parish clerk, The which that was ycleped Absolon.' Chaucer, C. T. 3312.","Register of St. George, Hanover Square, 1725-1809 (Harleian Society), vol. i, p. 65","Register of St. George, Hanover Square, 1725-1809 (Harleian Society)",St. Geo. Han. Sq. i. 65,1756. Married—Clemmuell Clark and Eliz. Absalom: St. Geo. Han. Sq. i. 65.,38,3,"Absalom, Absalon, Absolom","London, 1, 1, 3; New York, 1, 1, 0",high,https://archive.org/details/adictionaryengl00goog/page/38/mode/1up
120,Clemmuell,Clark,the son of Absolom,Baptismal,1756,1756,1756,Marriage,London,False,"St. George, Hanover Square, London",Married Eliz[abeth] Absalom,"A fairly popular font-name in the 13th century, and not confined to the Jews. 'Now was ther of that chirche a parish clerk, The which that was ycleped Absolon.' Chaucer, C. T. 3312.","Register of St. George, Hanover Square, 1725-1809 (Harleian Society), vol. i, p. 65","Register of St. George, Hanover Square, 1725-1809 (Harleian Society)",St. Geo. Han. Sq. i. 65,1756. Married—Clemmuell Clark and Eliz. Absalom: St. Geo. Han. Sq. i. 65.,38,3,"Absalom, Absalon, Absolom","London, 1, 1, 3; New York, 1, 1, 0",high,https://archive.org/details/adictionaryengl00goog/page/38/mode/1up
121,,Abson,the son of Abraham; v. Abbs,Baptismal,,,,,,False,,,,,,,,38,3,Abson,,high,https://archive.org/details/adictionaryengl00goog/page/38/mode/1up
122,Henry,Ateburn,"at the burn, corrupted to Aburn",Local,1273,1273,1273,,Buckinghamshire,False,Buckinghamshire,,"Cf. A'Becket, A'Wood, &c.","Hundred Rolls, 1273","Hundred Rolls, 1273",A,"Henry Ateburn, co. Bucks, 1273. A.",38,3,Aburn,"London, 1",high,https://archive.org/details/adictionaryengl00goog/page/38/mode/1up
123,Richard,Atteburne,"at the burn, corrupted to Aburn",Local,1273,1273,1273,,Kent,False,Kent,,"Cf. A'Becket, A'Wood, &c.","Hundred Rolls, 1273","Hundred Rolls, 1273",ibid.,"Richard Atteburne, co. Kent, ibid.",38,3,Aburn,"London, 1",high,https://archive.org/details/adictionaryengl00goog/page/38/mode/1up
124,Mary,Aburne,"at the burn, corrupted to Aburn",Local,1641,1641,1641,Marriage licence,London,False,London,"[Unclear: surname print broken (reads 'Ab.rne', probably Aburne); last digit of page number damaged, probably 255] Licence to marry Francis Edmonds","Cf. A'Becket, A'Wood, &c.","Allegations for Marriage Licences issued by the Bishop of London, 1520-1828 (Harleian Society), vol. ii, p. 25[5?]","Allegations for Marriage Licences issued by the Bishop of London, 1520-1828 (Harleian Society), vol. ii, p. 25[5?]","Marriage Lic. (London), ii. 25[5?]","1641. Francis Edmonds and Mary Aburne: Marriage Lic. (London), ii. 25[5?].",38,3,Aburn,"London, 1",low,https://archive.org/details/adictionaryengl00goog/page/38/mode/1up
125,Francis,Edmonds,"at the burn, corrupted to Aburn",Local,1641,1641,1641,Marriage licence,London,False,London,"[Unclear: bride's surname print broken (reads 'Ab.rne', probably Aburne); last digit of page number damaged, probably 255] Licence to marry Mary Aburne","Cf. A'Becket, A'Wood, &c.","Allegations for Marriage Licences issued by the Bishop of London, 1520-1828 (Harleian Society), vol. ii, p. 25[5?]","Allegations for Marriage Licences issued by the Bishop of London, 1520-1828 (Harleian Society), vol. ii, p. 25[5?]","Marriage Lic. (London), ii. 25[5?]","1641. Francis Edmonds and Mary Aburne: Marriage Lic. (London), ii. 25[5?].",38,3,Aburn,"London, 1",low,https://archive.org/details/adictionaryengl00goog/page/38/mode/1up
126,Mary,Aburne,"at the burn, corrupted to Aburn",Local,1690,1690,1690,Marriage licence,,False,,Licence (allegation) to marry John Fishwick,"Cf. A'Becket, A'Wood, &c.","Allegations for Marriage Licences issued by the Vicar-General of the Archbishop of Canterbury, 1660-1694 (Harleian Society), p. 166","Allegations for Marriage Licences issued by the Vicar-General of the Archbishop of Canterbury, 1660-1694 (Harleian Society)","Marriage Alleg. (Canterbury), p. 166","1690. John Fishwick and Mary Aburne: Marriage Alleg. (Canterbury), p. 166.",38,3,Aburn,"London, 1",high,https://archive.org/details/adictionaryengl00goog/page/38/mode/1up
127,John,Fishwick,"at the burn, corrupted to Aburn",Local,1690,1690,1690,Marriage licence,,False,,Licence (allegation) to marry Mary Aburne,"Cf. A'Becket, A'Wood, &c.","Allegations for Marriage Licences issued by the Vicar-General of the Archbishop of Canterbury, 1660-1694 (Harleian Society), p. 166","Allegations for Marriage Licences issued by the Vicar-General of the Archbishop of Canterbury, 1660-1694 (Harleian Society)","Marriage Alleg. (Canterbury), p. 166","1690. John Fishwick and Mary Aburne: Marriage Alleg. (Canterbury), p. 166.",38,3,Aburn,"London, 1",high,https://archive.org/details/adictionaryengl00goog/page/38/mode/1up
128,John,Aburne,"at the burn, corrupted to Aburn",Local,1695,1695,1695,Marriage licence,,False,,Licence to marry Ann With,"Cf. A'Becket, A'Wood, &c.","Allegations for Marriage Licences issued from the Faculty Office of the Archbishop of Canterbury, 1543-1869 (Harleian Society), p. 216","Allegations for Marriage Licences issued from the Faculty Office of the Archbishop of Canterbury, 1543-1869 (Harleian Society)","Marriage Lic. (Faculty Office), p. 216","1695. John Aburne and Ann With: Marriage Lic. (Faculty Office), p. 216.",38,3,Aburn,"London, 1",high,https://archive.org/details/adictionaryengl00goog/page/38/mode/1up
129,Ann,With,"at the burn, corrupted to Aburn",Local,1695,1695,1695,Marriage licence,,False,,Licence to marry John Aburne,"Cf. A'Becket, A'Wood, &c.","Allegations for Marriage Licences issued from the Faculty Office of the Archbishop of Canterbury, 1543-1869 (Harleian Society), p. 216","Allegations for Marriage Licences issued from the Faculty Office of the Archbishop of Canterbury, 1543-1869 (Harleian Society)","Marriage Lic. (Faculty Office), p. 216","1695. John Aburne and Ann With: Marriage Lic. (Faculty Office), p. 216.",38,3,Aburn,"London, 1",high,https://archive.org/details/adictionaryengl00goog/page/38/mode/1up
130,Bernard,le Acatour,see Cator (a buyer of victuals),Official,temp. 1300,1300,1300,,,False,,le Acatour = the buyer (of provisions),"Chaucer says of the manciple who was so 'wise in buying of victuals,' that of him 'Achatours mighten take ensample.'",Writs of Parliament,Writs of Parliament,M,"Bernard le Acatour, temp. 1300. M.",38,3,"Acatour, Achatour",,high,https://archive.org/details/adictionaryengl00goog/page/38/mode/1up
131,Henry,le Achator,see Cator (a buyer of victuals),Official,,,,,,False,,le Achator = the buyer (of provisions),"Chaucer says of the manciple who was so 'wise in buying of victuals,' that of him 'Achatours mighten take ensample.'",Rolls of Parliament,Rolls of Parliament,H,Henry le Achator. H.,38,3,"Acatour, Achatour",,high,https://archive.org/details/adictionaryengl00goog/page/38/mode/1up
132,Jocius,le Achatur,see Cator (a buyer of victuals),Official,1273,1273,1273,,,False,,le Achatur = the buyer (of provisions),"Chaucer says of the manciple who was so 'wise in buying of victuals,' that of him 'Achatours mighten take ensample.'","Hundred Rolls, 1273","Hundred Rolls, 1273",A,"Jocius le Achatur, 1273. A.",38,3,"Acatour, Achatour",,high,https://archive.org/details/adictionaryengl00goog/page/38/mode/1up
133,,Achard,the son of Achard,Baptismal,,,,,,False,,,v. Hatchard.,,,,,38,3,Achard,"London, 1; New York, 1",high,https://archive.org/details/adictionaryengl00goog/page/38/mode/1up
134,,Achurch,see Atkirk,Local,,,,,,False,,,,,,,,38,3,Achurch,,high,https://archive.org/details/adictionaryengl00goog/page/38/mode/1up
135,Roger,le Acreman,"the Acreman: a ploughman, a husbandman, a tiller of the soil",Occupational,1273,1273,1273,,Oxfordshire,False,Oxfordshire,le Acreman = the ploughman,"'both prestis and knightis mosten bicome acremen and heerdis,' 1389: Hist. Eng. Dic. 'The foules up, and song on bough, And acremen yede to the plough.' Lay le Freine, 176 (Halliwell). Akermann is of German birth.","Hundred Rolls, 1273","Hundred Rolls, 1273",A,"Roger le Acreman, co. Oxf., 1273. A.",38,3,"Ackerman, Ackermann, Akerman, Akermann","London, 2, 2, 5, 0; Philadelphia, 20, 8, 3, 1",high,https://archive.org/details/adictionaryengl00goog/page/38/mode/1up
136,Alexander,Acherman,"the Acreman: a ploughman, a husbandman, a tiller of the soil",Occupational,1273,1273,1273,,Huntingdonshire,False,Huntingdonshire,,"'both prestis and knightis mosten bicome acremen and heerdis,' 1389: Hist. Eng. Dic. 'The foules up, and song on bough, And acremen yede to the plough.' Lay le Freine, 176 (Halliwell). Akermann is of German birth.","Hundred Rolls, 1273","Hundred Rolls, 1273",ibid.,"Alexander Acherman, co. Hunts, ibid.",38,3,"Ackerman, Ackermann, Akerman, Akermann","London, 2, 2, 5, 0; Philadelphia, 20, 8, 3, 1",high,https://archive.org/details/adictionaryengl00goog/page/38/mode/1up
137,Hugh,Akerman,"the Acreman: a ploughman, a husbandman, a tiller of the soil",Occupational,1273,1273,1273,,Cambridgeshire,False,Cambridgeshire,,"'both prestis and knightis mosten bicome acremen and heerdis,' 1389: Hist. Eng. Dic. 'The foules up, and song on bough, And acremen yede to the plough.' Lay le Freine, 176 (Halliwell). Akermann is of German birth.","Hundred Rolls, 1273","Hundred Rolls, 1273",ibid.,"Hugh Akerman, co. Camb., ibid.",38,3,"Ackerman, Ackermann, Akerman, Akermann","London, 2, 2, 5, 0; Philadelphia, 20, 8, 3, 1",high,https://archive.org/details/adictionaryengl00goog/page/38/mode/1up
138,Peter,de Akerman,"the Acreman: a ploughman, a husbandman, a tiller of the soil",Occupational,1273,1273,1273,,Oxfordshire,False,Oxfordshire,,"'both prestis and knightis mosten bicome acremen and heerdis,' 1389: Hist. Eng. Dic. 'The foules up, and song on bough, And acremen yede to the plough.' Lay le Freine, 176 (Halliwell). Akermann is of German birth.","Hundred Rolls, 1273","Hundred Rolls, 1273",A,"Peter de Akerman, co. Oxf., 1273. A.",39,1,"Ackerman, Ackermann, Akerman, Akermann","London, 2, 2, 5, 0; Philadelphia, 20, 8, 3, 1",high,https://archive.org/details/adictionaryengl00goog/page/39/mode/1up
139,Mary,Ackerman,"the Acreman: a ploughman, a husbandman, a tiller of the soil",Occupational,1802,1802,1802,Marriage,London,False,"St. George, Hanover Square, London",Married John Sandford,"'both prestis and knightis mosten bicome acremen and heerdis,' 1389: Hist. Eng. Dic. 'The foules up, and song on bough, And acremen yede to the plough.' Lay le Freine, 176 (Halliwell). Akermann is of German birth.","Register of St. George, Hanover Square, 1725-1809 (Harleian Society), vol. ii, p. 272","Register of St. George, Hanover Square, 1725-1809 (Harleian Society)",St. Geo. Han. Sq. ii. 272,1802. Married—John Sandford and Mary Ackerman: St. Geo. Han. Sq. ii. 272.,39,1,"Ackerman, Ackermann, Akerman, Akermann","London, 2, 2, 5, 0; Philadelphia, 20, 8, 3, 1",high,https://archive.org/details/adictionaryengl00goog/page/39/mode/1up
140,John,Sandford,"the Acreman: a ploughman, a husbandman, a tiller of the soil",Occupational,1802,1802,1802,Marriage,London,False,"St. George, Hanover Square, London",Married Mary Ackerman,"'both prestis and knightis mosten bicome acremen and heerdis,' 1389: Hist. Eng. Dic. 'The foules up, and song on bough, And acremen yede to the plough.' Lay le Freine, 176 (Halliwell). Akermann is of German birth.","Register of St. George, Hanover Square, 1725-1809 (Harleian Society), vol. ii, p. 272","Register of St. George, Hanover Square, 1725-1809 (Harleian Society)",St. Geo. Han. Sq. ii. 272,1802. Married—John Sandford and Mary Ackerman: St. Geo. Han. Sq. ii. 272.,39,1,"Ackerman, Ackermann, Akerman, Akermann","London, 2, 2, 5, 0; Philadelphia, 20, 8, 3, 1",high,https://archive.org/details/adictionaryengl00goog/page/39/mode/1up
141,Ralph,de Ackle,"at the Ackley, i.e. the oak-meadow",Local,1273,1273,1273,,Oxfordshire,False,Oxfordshire,,"The exact equivalent of Oakley, q.v.","Hundred Rolls, 1273","Hundred Rolls, 1273",A,"Ralph de Ackle, co. Oxf., 1273. A.",39,1,Ackley,"Boston, 1; Philadelphia, 17",high,https://archive.org/details/adictionaryengl00goog/page/39/mode/1up
142,John,de Acle,"at the Ackley, i.e. the oak-meadow",Local,1273,1273,1273,,Oxfordshire,False,Oxfordshire,,"The exact equivalent of Oakley, q.v.","Hundred Rolls, 1273","Hundred Rolls, 1273",ibid.,"John de Acle, co. Oxf., ibid.",39,1,Ackley,"Boston, 1; Philadelphia, 17",high,https://archive.org/details/adictionaryengl00goog/page/39/mode/1up
143,Robert,de Acle,"at the Ackley, i.e. the oak-meadow",Local,1273,1273,1273,,Buckinghamshire,False,Buckinghamshire,,"The exact equivalent of Oakley, q.v.","Hundred Rolls, 1273","Hundred Rolls, 1273",ibid.,"Robert de Acle, co. Bucks, ibid.",39,1,Ackley,"Boston, 1; Philadelphia, 17",high,https://archive.org/details/adictionaryengl00goog/page/39/mode/1up
144,Henry,Acley,"at the Ackley, i.e. the oak-meadow",Local,1571,1571,1571,,Oxfordshire,False,"Christ Church College, Oxford",,"The exact equivalent of Oakley, q.v.","Register of the University of Oxford (Oxford Historical Society), vol. iii, p. 44",Register of the University of Oxford (Oxford Historical Society),Reg. Univ. Oxf. iii. 44,"1571. Henry Acley, Ch. Ch. Coll.: Reg. Univ. Oxf. iii. 44.",39,1,Ackley,"Boston, 1; Philadelphia, 17",high,https://archive.org/details/adictionaryengl00goog/page/39/mode/1up
145,Mary,Acly,"at the Ackley, i.e. the oak-meadow",Local,1610,1610,1610,Marriage licence,London,False,London,Marriage licence with Henry Cannon,"The exact equivalent of Oakley, q.v.","Allegations for Marriage Licences issued by the Bishop of London, 1520-1828 (Harleian Society), vol. i, p. 322","Allegations for Marriage Licences issued by the Bishop of London, 1520-1828 (Harleian Society)","Marriage Lic. (London), i. 322","1610. Henry Cannon and Mary Acly: Marriage Lic. (London), i. 322.",39,1,Ackley,"Boston, 1; Philadelphia, 17",high,https://archive.org/details/adictionaryengl00goog/page/39/mode/1up
146,Henry,Cannon,"at the Ackley, i.e. the oak-meadow",Local,1610,1610,1610,Marriage licence,London,False,London,Marriage licence with Mary Acly,"The exact equivalent of Oakley, q.v.","Allegations for Marriage Licences issued by the Bishop of London, 1520-1828 (Harleian Society), vol. i, p. 322","Allegations for Marriage Licences issued by the Bishop of London, 1520-1828 (Harleian Society)","Marriage Lic. (London), i. 322","1610. Henry Cannon and Mary Acly: Marriage Lic. (London), i. 322.",39,1,Ackley,"Boston, 1; Philadelphia, 17",high,https://archive.org/details/adictionaryengl00goog/page/39/mode/1up
147,Betty,Ackley,"at the Ackley, i.e. the oak-meadow",Local,1769,1769,1769,Marriage,London,False,"St. George, Hanover Square, London",Married Henry Hughes,"The exact equivalent of Oakley, q.v.","Register of St. George, Hanover Square, 1725-1809 (Harleian Society), vol. i, p. 184","Register of St. George, Hanover Square, 1725-1809 (Harleian Society)",St. Geo. Han. Sq. i. 184,1769. Married—Henry Hughes and Betty Ackley: St. Geo. Han. Sq. i. 184.,39,1,Ackley,"Boston, 1; Philadelphia, 17",high,https://archive.org/details/adictionaryengl00goog/page/39/mode/1up
148,Henry,Hughes,"at the Ackley, i.e. the oak-meadow",Local,1769,1769,1769,Marriage,London,False,"St. George, Hanover Square, London",Married Betty Ackley,"The exact equivalent of Oakley, q.v.","Register of St. George, Hanover Square, 1725-1809 (Harleian Society), vol. i, p. 184","Register of St. George, Hanover Square, 1725-1809 (Harleian Society)",St. Geo. Han. Sq. i. 184,1769. Married—Henry Hughes and Betty Ackley: St. Geo. Han. Sq. i. 184.,39,1,Ackley,"Boston, 1; Philadelphia, 17",high,https://archive.org/details/adictionaryengl00goog/page/39/mode/1up
149,Robert,de Acclom,"of Acklam, two parishes in co. York, one in the union of Malton, the other in the union of Stockton",Local,1273,1273,1273,,Yorkshire,False,Yorkshire,,,"Hundred Rolls, 1273","Hundred Rolls, 1273",A,"Robert de Acclom, co. York, 1273. A.",39,1,Acklom,"MDB. (co. Lincoln), 1",high,https://archive.org/details/adictionaryengl00goog/page/39/mode/1up
150,Eliz[abeth],Acklom,"of Acklam, two parishes in co. York, one in the union of Malton, the other in the union of Stockton",Local,1742,1742,1742,Marriage,London,False,"St. George's Chapel, Mayfair, London",Married John Newman,,"Register of St. George's Chapel, Mayfair, 1740-54 (Harleian Society), p. 23","Register of St. George's Chapel, Mayfair, 1740-54 (Harleian Society)","St. Geo. Chap. Mayfair, p. 23","1742. Married—John Newman and Eliz. Acklom: St. Geo. Chap. Mayfair, p. 23.",39,1,Acklom,"MDB. (co. Lincoln), 1",high,https://archive.org/details/adictionaryengl00goog/page/39/mode/1up
151,John,Newman,"of Acklam, two parishes in co. York, one in the union of Malton, the other in the union of Stockton",Local,1742,1742,1742,Marriage,London,False,"St. George's Chapel, Mayfair, London",Married Eliz[abeth] Acklom,,"Register of St. George's Chapel, Mayfair, 1740-54 (Harleian Society), p. 23","Register of St. George's Chapel, Mayfair, 1740-54 (Harleian Society)","St. Geo. Chap. Mayfair, p. 23","1742. Married—John Newman and Eliz. Acklom: St. Geo. Chap. Mayfair, p. 23.",39,1,Acklom,"MDB. (co. Lincoln), 1",high,https://archive.org/details/adictionaryengl00goog/page/39/mode/1up
152,John Philip,Acklam,"of Acklam, two parishes in co. York, one in the union of Malton, the other in the union of Stockton",Local,1806,1806,1806,Marriage,London,False,"St. George, Hanover Square, London",Married Eliz[abeth] Robinson,,"Register of St. George, Hanover Square, 1725-1809 (Harleian Society), vol. ii, p. 353","Register of St. George, Hanover Square, 1725-1809 (Harleian Society)",St. Geo. Han. Sq. ii. 353,1806. —John Philip Acklam and Eliz. Robinson: St. Geo. Han. Sq. ii. 353.,39,1,Acklom,"MDB. (co. Lincoln), 1",high,https://archive.org/details/adictionaryengl00goog/page/39/mode/1up
153,Eliz[abeth],Robinson,"of Acklam, two parishes in co. York, one in the union of Malton, the other in the union of Stockton",Local,1806,1806,1806,Marriage,London,False,"St. George, Hanover Square, London",Married John Philip Acklam,,"Register of St. George, Hanover Square, 1725-1809 (Harleian Society), vol. ii, p. 353","Register of St. George, Hanover Square, 1725-1809 (Harleian Society)",St. Geo. Han. Sq. ii. 353,1806. —John Philip Acklam and Eliz. Robinson: St. Geo. Han. Sq. ii. 353.,39,1,Acklom,"MDB. (co. Lincoln), 1",high,https://archive.org/details/adictionaryengl00goog/page/39/mode/1up
154,Richard,de Akerode,"of the Ackroyd, i.e. the oak clearing",Local,,,,,Yorkshire,False,Yorkshire,,"Cf. Ormerod, Murgatroyd, &c. A well-known Yorkshire surname.",Testamenta Eboracensia (Surtees Society),Testamenta Eboracensia (Surtees Society),W. 2,"Richard de Akerode, co. York. W. 2.",39,1,"Ackroyd, Ecroyd, Ackeroyd, Akroyd, Akeroyd","West Riding Court Dir., 28, 2, 0, 2, 6; MDB. (W. Riding), 17, 0, 1, 4, 0; Philadelphia, 8, 0, 0, 0, 0",high,https://archive.org/details/adictionaryengl00goog/page/39/mode/1up
155,John,Acroyd,"of the Ackroyd, i.e. the oak clearing",Local,1612,1612,1612,,Yorkshire,False,Yorkshire,,"Cf. Ormerod, Murgatroyd, &c. A well-known Yorkshire surname.","Register of the University of Oxford (Oxford Historical Society), vol. ii, pt. ii, p. 328",Register of the University of Oxford (Oxford Historical Society),Reg. Univ. Oxf. vol. ii. pt. ii. p. 328,"1612. John Acroyd, co. York: Reg. Univ. Oxf. vol. ii. pt. ii. p. 328.",39,1,"Ackroyd, Ecroyd, Ackeroyd, Akroyd, Akeroyd","West Riding Court Dir., 28, 2, 0, 2, 6; MDB. (W. Riding), 17, 0, 1, 4, 0; Philadelphia, 8, 0, 0, 0, 0",high,https://archive.org/details/adictionaryengl00goog/page/39/mode/1up
156,Matthew,Aickroid,"of the Ackroyd, i.e. the oak clearing",Local,1618,1618,1618,,Yorkshire,False,Yorkshire,,"Cf. Ormerod, Murgatroyd, &c. A well-known Yorkshire surname.","Register of the University of Oxford (Oxford Historical Society), vol. ii, pt. ii, p. 372",Register of the University of Oxford (Oxford Historical Society),ibid. p. 372,"1618. Matthew Aickroid, co. York: ibid. p. 372.",39,1,"Ackroyd, Ecroyd, Ackeroyd, Akroyd, Akeroyd","West Riding Court Dir., 28, 2, 0, 2, 6; MDB. (W. Riding), 17, 0, 1, 4, 0; Philadelphia, 8, 0, 0, 0, 0",high,https://archive.org/details/adictionaryengl00goog/page/39/mode/1up
157,Samuel,Akeroyd,"of the Ackroyd, i.e. the oak clearing",Local,1619-20,1619,1620,,Yorkshire,False,Yorkshire,,"Cf. Ormerod, Murgatroyd, &c. A well-known Yorkshire surname.","Register of the University of Oxford (Oxford Historical Society), vol. ii, pt. ii, p. 380",Register of the University of Oxford (Oxford Historical Society),ibid. p. 380,"1619-20. Samuel Akeroyd, co. York: ibid. p. 380.",39,1,"Ackroyd, Ecroyd, Ackeroyd, Akroyd, Akeroyd","West Riding Court Dir., 28, 2, 0, 2, 6; MDB. (W. Riding), 17, 0, 1, 4, 0; Philadelphia, 8, 0, 0, 0, 0",high,https://archive.org/details/adictionaryengl00goog/page/39/mode/1up
158,Mary,Acrod,"of the Ackroyd, i.e. the oak clearing",Local,1655,1655,1655,Burial,London,False,"St. Thomas the Apostle, London",Daughter of Robert Acrod,"Cf. Ormerod, Murgatroyd, &c. A well-known Yorkshire surname.","Register of St. Thomas the Apostle, London, 1558-1754 (Harleian Society), p. 131","Register of St. Thomas the Apostle, London, 1558-1754 (Harleian Society)","St. Thomas the Apostle (London), p. 131","1655. Buried—Mary, d. Robert Acrod: St. Thomas the Apostle (London), p. 131.",39,1,"Ackroyd, Ecroyd, Ackeroyd, Akroyd, Akeroyd","West Riding Court Dir., 28, 2, 0, 2, 6; MDB. (W. Riding), 17, 0, 1, 4, 0; Philadelphia, 8, 0, 0, 0, 0",high,https://archive.org/details/adictionaryengl00goog/page/39/mode/1up
159,Robert,Acrod,"of the Ackroyd, i.e. the oak clearing",Local,1655,1655,1655,Burial,London,False,"St. Thomas the Apostle, London","Father of Mary Acrod, buried","Cf. Ormerod, Murgatroyd, &c. A well-known Yorkshire surname.","Register of St. Thomas the Apostle, London, 1558-1754 (Harleian Society), p. 131","Register of St. Thomas the Apostle, London, 1558-1754 (Harleian Society)","St. Thomas the Apostle (London), p. 131","1655. Buried—Mary, d. Robert Acrod: St. Thomas the Apostle (London), p. 131.",39,1,"Ackroyd, Ecroyd, Ackeroyd, Akroyd, Akeroyd","West Riding Court Dir., 28, 2, 0, 2, 6; MDB. (W. Riding), 17, 0, 1, 4, 0; Philadelphia, 8, 0, 0, 0, 0",high,https://archive.org/details/adictionaryengl00goog/page/39/mode/1up
160,Susanna,Aykroyd,"of the Ackroyd, i.e. the oak clearing",Local,1678,1678,1678,Marriage licence,London,False,Westminster,Marriage licence with John Somerscales,"Cf. Ormerod, Murgatroyd, &c. A well-known Yorkshire surname.","Allegations for Marriage Licences issued by the Dean and Chapter of Westminster, 1558-1699 (Harleian Society), p. 179","Allegations for Marriage Licences issued by the Dean and Chapter of Westminster, 1558-1699 (Harleian Society)","Marriage Lic. (Westminster), p. 179","1678. John Somerscales and Susanna Aykroyd: Marriage Lic. (Westminster), p. 179.",39,1,"Ackroyd, Ecroyd, Ackeroyd, Akroyd, Akeroyd","West Riding Court Dir., 28, 2, 0, 2, 6; MDB. (W. Riding), 17, 0, 1, 4, 0; Philadelphia, 8, 0, 0, 0, 0",high,https://archive.org/details/adictionaryengl00goog/page/39/mode/1up
161,John,Somerscales,"of the Ackroyd, i.e. the oak clearing",Local,1678,1678,1678,Marriage licence,London,False,Westminster,Marriage licence with Susanna Aykroyd,"Cf. Ormerod, Murgatroyd, &c. A well-known Yorkshire surname.","Allegations for Marriage Licences issued by the Dean and Chapter of Westminster, 1558-1699 (Harleian Society), p. 179","Allegations for Marriage Licences issued by the Dean and Chapter of Westminster, 1558-1699 (Harleian Society)","Marriage Lic. (Westminster), p. 179","1678. John Somerscales and Susanna Aykroyd: Marriage Lic. (Westminster), p. 179.",39,1,"Ackroyd, Ecroyd, Ackeroyd, Akroyd, Akeroyd","West Riding Court Dir., 28, 2, 0, 2, 6; MDB. (W. Riding), 17, 0, 1, 4, 0; Philadelphia, 8, 0, 0, 0, 0",high,https://archive.org/details/adictionaryengl00goog/page/39/mode/1up
162,Faith,Aikeroyd,"of the Ackroyd, i.e. the oak clearing",Local,1687,1687,1687,Marriage licence,,False,,Marriage allegation (licence) with James Galliere Vareilles,"Cf. Ormerod, Murgatroyd, &c. A well-known Yorkshire surname.","Allegations for Marriage Licences issued by the Vicar-General of the Archbishop of Canterbury, 1660-1694 (Harleian Society), p. 278","Allegations for Marriage Licences issued by the Vicar-General of the Archbishop of Canterbury, 1660-1694 (Harleian Society)","Marriage Alleg. (Canterbury), p. 278","1687. James Galliere Vareilles and Faith Aikeroyd: Marriage Alleg. (Canterbury), p. 278.",39,1,"Ackroyd, Ecroyd, Ackeroyd, Akroyd, Akeroyd","West Riding Court Dir., 28, 2, 0, 2, 6; MDB. (W. Riding), 17, 0, 1, 4, 0; Philadelphia, 8, 0, 0, 0, 0",high,https://archive.org/details/adictionaryengl00goog/page/39/mode/1up
163,James Galliere,Vareilles,"of the Ackroyd, i.e. the oak clearing",Local,1687,1687,1687,Marriage licence,,False,,"Marriage allegation (licence) with Faith Aikeroyd. Surname printed ""Vareilles"" on the page (record_text has ""Vareilles"")","Cf. Ormerod, Murgatroyd, &c. A well-known Yorkshire surname.","Allegations for Marriage Licences issued by the Vicar-General of the Archbishop of Canterbury, 1660-1694 (Harleian Society), p. 278","Allegations for Marriage Licences issued by the Vicar-General of the Archbishop of Canterbury, 1660-1694 (Harleian Society)","Marriage Alleg. (Canterbury), p. 278","1687. James Galliere Vareilles and Faith Aikeroyd: Marriage Alleg. (Canterbury), p. 278.",39,1,"Ackroyd, Ecroyd, Ackeroyd, Akroyd, Akeroyd","West Riding Court Dir., 28, 2, 0, 2, 6; MDB. (W. Riding), 17, 0, 1, 4, 0; Philadelphia, 8, 0, 0, 0, 0",high,https://archive.org/details/adictionaryengl00goog/page/39/mode/1up
164,Richard,Ackelonde,"of Acland (Ac or Oakland, named from a large grove of oaks; Saxon ac)",Local,1 Edw. III,1327,1327,,Somerset,False,Somerset,,"'From the situation of their ancient seat in Lankey, near Barnstaple, co. Devon, which, being in the midst of a large grove of oaks (in Saxon ac), obtained the name of Ac or Oakland. ... They were settled in this place as early as the reign of Henry II.' (Lower, quoting Kimber's Baronetage.)","Kirby's Quest for Somerset (Exchequer Lay Subsidy, 1 Edw. III), Somerset Record Society, 1889, p. 247","Kirby's Quest for Somerset (Exchequer Lay Subsidy, 1 Edw. III), Somerset Record Society, 1889","Kirby's Quest, p. 247","Richard Ackelonde, co. Soms., 1 Edw. III: Kirby's Quest, p. 247.",39,2,"Acland, Ackland","Exeter, 1, 2; MDB. (co. Devon), 3, 2; London, 4, 6; Philadelphia, 0, 2; Boston, 0, 3",high,https://archive.org/details/adictionaryengl00goog/page/39/mode/1up
165,Baldwin,Aclande,"of Acland (Ac or Oakland, named from a large grove of oaks; Saxon ac)",Local,1609,1609,1609,,Devon,False,Devon,,"'From the situation of their ancient seat in Lankey, near Barnstaple, co. Devon, which, being in the midst of a large grove of oaks (in Saxon ac), obtained the name of Ac or Oakland. ... They were settled in this place as early as the reign of Henry II.' (Lower, quoting Kimber's Baronetage.)","Register of the University of Oxford (Oxford Historical Society), vol. ii, pt. ii, p. 305",Register of the University of Oxford (Oxford Historical Society),Reg. Univ. Oxf. vol. ii. pt. ii. p. 305,"1609. Baldwin Aclande, co. Devon, Reg. Univ. Oxf. vol. ii. pt. ii. p. 305.",39,2,"Acland, Ackland","Exeter, 1, 2; MDB. (co. Devon), 3, 2; London, 4, 6; Philadelphia, 0, 2; Boston, 0, 3",high,https://archive.org/details/adictionaryengl00goog/page/39/mode/1up
166,John,Acklande,"of Acland (Ac or Oakland, named from a large grove of oaks; Saxon ac)",Local,temp. Eliz.,1558,1603,,,False,,,"'From the situation of their ancient seat in Lankey, near Barnstaple, co. Devon, which, being in the midst of a large grove of oaks (in Saxon ac), obtained the name of Ac or Oakland. ... They were settled in this place as early as the reign of Henry II.' (Lower, quoting Kimber's Baronetage.)",Calendar of Proceedings in Chancery (Elizabeth),Calendar of Proceedings in Chancery (Elizabeth),Z,"John Acklande, temp. Eliz. Z.",39,2,"Acland, Ackland","Exeter, 1, 2; MDB. (co. Devon), 3, 2; London, 4, 6; Philadelphia, 0, 2; Boston, 0, 3",high,https://archive.org/details/adictionaryengl00goog/page/39/mode/1up
167,Elizabeth,Acklande,"of Acland (Ac or Oakland, named from a large grove of oaks; Saxon ac)",Local,1641,1641,1641,Burial,London,False,"St. Peter, Cornhill, London",widow (widdowe),"'From the situation of their ancient seat in Lankey, near Barnstaple, co. Devon, which, being in the midst of a large grove of oaks (in Saxon ac), obtained the name of Ac or Oakland. ... They were settled in this place as early as the reign of Henry II.' (Lower, quoting Kimber's Baronetage.)","Register of St. Peter, Cornhill, 1538-1774 (Harleian Society), vol. i, p. 198","Register of St. Peter, Cornhill, 1538-1774 (Harleian Society)","St. Peter's, Cornhill, i. 198","1641. Buried—Elizabeth Acklande, widdowe: St. Peter's, Cornhill, i. 198.",39,2,"Acland, Ackland","Exeter, 1, 2; MDB. (co. Devon), 3, 2; London, 4, 6; Philadelphia, 0, 2; Boston, 0, 3",high,https://archive.org/details/adictionaryengl00goog/page/39/mode/1up
168,Roger,Accok,"the son of Alcock (q.v.), corrupted to Accock, which took the imitative form of Haycock",Baptismal,1379,1379,1379,,Yorkshire,True,,et uxor: listed with his wife (unnamed),"At least it would appear so. If we could find any instances of Halcock representing Henry, we should then be obliged to refer the three last to that personal name.","Poll Tax, West Riding of Yorkshire, 1379, p. 270","Poll Tax, West Riding of Yorkshire, 1379",P. T. Yorks. p. 270,"Roger Accok et uxor, 1379: P. T. Yorks. p. 270.",39,2,"Acock, Acocks, Haucock, Haycock, Haycox","London, 1, 2, 1, 6, 1; Philadelphia, 0, 0, 0, 2, 0",high,https://archive.org/details/adictionaryengl00goog/page/39/mode/1up
169,William,Aucocke,"the son of Alcock (q.v.), corrupted to Accock, which took the imitative form of Haycock",Baptismal,1633,1633,1633,Marriage licence,London,False,London,Marriage licence with Rebecca Richardson,"At least it would appear so. If we could find any instances of Halcock representing Henry, we should then be obliged to refer the three last to that personal name.","Allegations for Marriage Licences issued by the Bishop of London, 1520-1828 (Harleian Society), vol. ii, p. 210","Allegations for Marriage Licences issued by the Bishop of London, 1520-1828 (Harleian Society)","Marriage Lic. (London), ii. 210","1633. William Aucocke and Rebecca Richardson: Marriage Lic. (London), ii. 210.",39,2,"Acock, Acocks, Haucock, Haycock, Haycox","London, 1, 2, 1, 6, 1; Philadelphia, 0, 0, 0, 2, 0",high,https://archive.org/details/adictionaryengl00goog/page/39/mode/1up
170,Rebecca,Richardson,"the son of Alcock (q.v.), corrupted to Accock, which took the imitative form of Haycock",Baptismal,1633,1633,1633,Marriage licence,London,False,London,Marriage licence with William Aucocke,"At least it would appear so. If we could find any instances of Halcock representing Henry, we should then be obliged to refer the three last to that personal name.","Allegations for Marriage Licences issued by the Bishop of London, 1520-1828 (Harleian Society), vol. ii, p. 210","Allegations for Marriage Licences issued by the Bishop of London, 1520-1828 (Harleian Society)","Marriage Lic. (London), ii. 210","1633. William Aucocke and Rebecca Richardson: Marriage Lic. (London), ii. 210.",39,2,"Acock, Acocks, Haucock, Haycock, Haycox","London, 1, 2, 1, 6, 1; Philadelphia, 0, 0, 0, 2, 0",high,https://archive.org/details/adictionaryengl00goog/page/39/mode/1up
171,Sarah,Acock,"the son of Alcock (q.v.), corrupted to Accock, which took the imitative form of Haycock",Baptismal,1782,1782,1782,Marriage,London,False,"St. George, Hanover Square, London",Married George Betterton,"At least it would appear so. If we could find any instances of Halcock representing Henry, we should then be obliged to refer the three last to that personal name.","Register of St. George, Hanover Square, 1725-1809 (Harleian Society), vol. i, p. 338","Register of St. George, Hanover Square, 1725-1809 (Harleian Society)",St. Geo. Han. Sq. i. 338,1782. Married—George Betterton and Sarah Acock: St. Geo. Han. Sq. i. 338.,39,2,"Acock, Acocks, Haucock, Haycock, Haycox","London, 1, 2, 1, 6, 1; Philadelphia, 0, 0, 0, 2, 0",high,https://archive.org/details/adictionaryengl00goog/page/39/mode/1up
172,George,Betterton,"the son of Alcock (q.v.), corrupted to Accock, which took the imitative form of Haycock",Baptismal,1782,1782,1782,Marriage,London,False,"St. George, Hanover Square, London",Married Sarah Acock,"At least it would appear so. If we could find any instances of Halcock representing Henry, we should then be obliged to refer the three last to that personal name.","Register of St. George, Hanover Square, 1725-1809 (Harleian Society), vol. i, p. 338","Register of St. George, Hanover Square, 1725-1809 (Harleian Society)",St. Geo. Han. Sq. i. 338,1782. Married—George Betterton and Sarah Acock: St. Geo. Han. Sq. i. 338.,39,2,"Acock, Acocks, Haucock, Haycock, Haycox","London, 1, 2, 1, 6, 1; Philadelphia, 0, 0, 0, 2, 0",high,https://archive.org/details/adictionaryengl00goog/page/39/mode/1up
173,Willelmus,de Acom,"(1) of Acomb, a parish near York; (2) of Acomb, two townships in the union of Hexham, co. Northumberland",Local,1379,1379,1379,,Yorkshire,True,,,,"Poll Tax, West Riding of Yorkshire, 1379, p. 301","Poll Tax, West Riding of Yorkshire, 1379",P. T. Yorks. p. 301,"Willelmus de Acom, 1379: P. T. Yorks. p. 301.",39,2,"Acomb, Acome","West Riding Court Dir., 2, 0; London, 0, 3",high,https://archive.org/details/adictionaryengl00goog/page/39/mode/1up
174,Elena,Acom,"(1) of Acomb, a parish near York; (2) of Acomb, two townships in the union of Hexham, co. Northumberland",Local,1379,1379,1379,,Yorkshire,True,,[Unclear: first letter of forename damaged in print; read as Elena],,"Poll Tax, West Riding of Yorkshire, 1379, p. 301","Poll Tax, West Riding of Yorkshire, 1379",ibid.,"Elena Acom, 1379: ibid.",39,2,"Acomb, Acome","West Riding Court Dir., 2, 0; London, 0, 3",low,https://archive.org/details/adictionaryengl00goog/page/39/mode/1up
175,Henry,Acum,"(1) of Acomb, a parish near York; (2) of Acomb, two townships in the union of Hexham, co. Northumberland",Local,1670,1670,1670,Marriage,London,False,"St. James, Clerkenwell, London",Married Eliz[abeth] Blackwell,,"Register of St. James, Clerkenwell, 1551-1754 (Harleian Society), vol. iii, p. 171","Register of St. James, Clerkenwell, 1551-1754 (Harleian Society)","St. Jas. Clerkenwell, iii. 171","1670. Married—Henry Acum and Eliz. Blackwell: St. Jas. Clerkenwell, iii. 171.",39,2,"Acomb, Acome","West Riding Court Dir., 2, 0; London, 0, 3",high,https://archive.org/details/adictionaryengl00goog/page/39/mode/1up
176,Eliz[abeth],Blackwell,"(1) of Acomb, a parish near York; (2) of Acomb, two townships in the union of Hexham, co. Northumberland",Local,1670,1670,1670,Marriage,London,False,"St. James, Clerkenwell, London",Married Henry Acum,,"Register of St. James, Clerkenwell, 1551-1754 (Harleian Society), vol. iii, p. 171","Register of St. James, Clerkenwell, 1551-1754 (Harleian Society)","St. Jas. Clerkenwell, iii. 171","1670. Married—Henry Acum and Eliz. Blackwell: St. Jas. Clerkenwell, iii. 171.",39,2,"Acomb, Acome","West Riding Court Dir., 2, 0; London, 0, 3",high,https://archive.org/details/adictionaryengl00goog/page/39/mode/1up
177,Samuel,Acomb,"(1) of Acomb, a parish near York; (2) of Acomb, two townships in the union of Hexham, co. Northumberland",Local,1692,1692,1692,Marriage licence,,False,,Marriage allegation (licence) with Ann Best,,"Allegations for Marriage Licences issued by the Vicar-General of the Archbishop of Canterbury, 1660-1694 (Harleian Society), p. 220","Allegations for Marriage Licences issued by the Vicar-General of the Archbishop of Canterbury, 1660-1694 (Harleian Society)","Marriage Alleg. (Canterbury), p. 220","1692. Samuel Acomb and Ann Best: Marriage Alleg. (Canterbury), p. 220.",39,2,"Acomb, Acome","West Riding Court Dir., 2, 0; London, 0, 3",high,https://archive.org/details/adictionaryengl00goog/page/39/mode/1up
178,Ann,Best,"(1) of Acomb, a parish near York; (2) of Acomb, two townships in the union of Hexham, co. Northumberland",Local,1692,1692,1692,Marriage licence,,False,,Marriage allegation (licence) with Samuel Acomb,,"Allegations for Marriage Licences issued by the Vicar-General of the Archbishop of Canterbury, 1660-1694 (Harleian Society), p. 220","Allegations for Marriage Licences issued by the Vicar-General of the Archbishop of Canterbury, 1660-1694 (Harleian Society)","Marriage Alleg. (Canterbury), p. 220","1692. Samuel Acomb and Ann Best: Marriage Alleg. (Canterbury), p. 220.",39,2,"Acomb, Acome","West Riding Court Dir., 2, 0; London, 0, 3",high,https://archive.org/details/adictionaryengl00goog/page/39/mode/1up
179,Mary,Acombe,"(1) of Acomb, a parish near York; (2) of Acomb, two townships in the union of Hexham, co. Northumberland",Local,1767,1767,1767,Marriage,London,False,"St. George, Hanover Square, London",Married Owen Scott,,"Register of St. George, Hanover Square, 1725-1809 (Harleian Society), vol. i, p. 170","Register of St. George, Hanover Square, 1725-1809 (Harleian Society)",St. Geo. Han. Sq. i. 170,1767. Married—Owen Scott and Mary Acombe: St. Geo. Han. Sq. i. 170.,39,2,"Acomb, Acome","West Riding Court Dir., 2, 0; London, 0, 3",high,https://archive.org/details/adictionaryengl00goog/page/39/mode/1up
180,Owen,Scott,"(1) of Acomb, a parish near York; (2) of Acomb, two townships in the union of Hexham, co. Northumberland",Local,1767,1767,1767,Marriage,London,False,"St. George, Hanover Square, London",Married Mary Acombe,,"Register of St. George, Hanover Square, 1725-1809 (Harleian Society), vol. i, p. 170","Register of St. George, Hanover Square, 1725-1809 (Harleian Society)",St. Geo. Han. Sq. i. 170,1767. Married—Owen Scott and Mary Acombe: St. Geo. Han. Sq. i. 170.,39,2,"Acomb, Acome","West Riding Court Dir., 2, 0; London, 0, 3",high,https://archive.org/details/adictionaryengl00goog/page/39/mode/1up
181,,Acott,variant of Acock,Baptismal,,,,,,False,,,Cf. Glasscock for Glasscott.,,,,,39,2,Acott,"Oxford, 1",high,https://archive.org/details/adictionaryengl00goog/page/39/mode/1up
182,Bartholomew,de Acre,"of the Acre, or Acres, from residence beside the field or fields called the Acre or Acres",Local,1282,1282,1282,,Norfolk,False,Norwich,Also called Bartholomew Akers; bailiff of Norwich,,"History of Norfolk (Blomefield and Parkin), vol. iii, p. 74",History of Norfolk (Blomefield and Parkin),FF. iii. 74,"Bartholomew de Acre, or Akers, bailiff of Norwich, 1282: FF. iii. 74.",39,2,"Acre, Acres, Acker, Akers","London, 0, 2, 1, 8: Philadelphia, 1, 0, 27, 0",high,https://archive.org/details/adictionaryengl00goog/page/39/mode/1up
183,Bartholomew,Akers,"of the Acre, or Acres, from residence beside the field or fields called the Acre or Acres",Local,1282,1282,1282,,Norfolk,False,Norwich,Also called Bartholomew de Acre; bailiff of Norwich,,"History of Norfolk (Blomefield and Parkin), vol. iii, p. 74",History of Norfolk (Blomefield and Parkin),FF. iii. 74,"Bartholomew de Acre, or Akers, bailiff of Norwich, 1282: FF. iii. 74.",39,2,"Acre, Acres, Acker, Akers","London, 0, 2, 1, 8: Philadelphia, 1, 0, 27, 0",high,https://archive.org/details/adictionaryengl00goog/page/39/mode/1up
184,Oliver,del Acre,"of the Acre, or Acres, from residence beside the field or fields called the Acre or Acres",Local,36 Hen. III,1251,1252,,,False,,,,"Calendarium Genealogicum: Henry III-Edw. I, ed. Chas. Roberts","Calendarium Genealogicum: Henry III-Edw. I, ed. Chas. Roberts",BBB,"Oliver del Acre, 36 Hen. III. BBB.",39,2,"Acre, Acres, Acker, Akers","London, 0, 2, 1, 8: Philadelphia, 1, 0, 27, 0",high,https://archive.org/details/adictionaryengl00goog/page/39/mode/1up
185,Walter,del Acre,"of the Acre, or Acres, from residence beside the field or fields called the Acre or Acres",Local,36 Hen. III,1251,1252,,,False,,,,"Calendarium Genealogicum: Henry III-Edw. I, ed. Chas. Roberts","Calendarium Genealogicum: Henry III-Edw. I, ed. Chas. Roberts",ibid.,"Walter del Acre, ibid.",39,2,"Acre, Acres, Acker, Akers","London, 0, 2, 1, 8: Philadelphia, 1, 0, 27, 0",high,https://archive.org/details/adictionaryengl00goog/page/39/mode/1up
186,Walter,del Acre,"of the Acre, or Acres, from residence beside the field or fields called the Acre or Acres",Local,42 Hen. III,1257,1258,,,False,,,,Close Rolls,Close Rolls,C. R.,"Walter del Acre, C. R., 42 Hen. III.",39,2,"Acre, Acres, Acker, Akers","London, 0, 2, 1, 8: Philadelphia, 1, 0, 27, 0",high,https://archive.org/details/adictionaryengl00goog/page/39/mode/1up
187,William,del Acre,"of the Acre, or Acres, from residence beside the field or fields called the Acre or Acres",Local,Hen. III-Edw. I,1216,1307,,Essex,False,Essex,,,"Testa de Nevill, sive Liber Feodorum, temp. Hen. III-Edw. I","Testa de Nevill, sive Liber Feodorum, temp. Hen. III-Edw. I",K,"William del Acre, co. Essex, Hen. III-Edw. I. K.",39,2,"Acre, Acres, Acker, Akers","London, 0, 2, 1, 8: Philadelphia, 1, 0, 27, 0",high,https://archive.org/details/adictionaryengl00goog/page/39/mode/1up
188,Johannes,Acrys,"of the Acre, or Acres, from residence beside the field or fields called the Acre or Acres",Local,1379,1379,1379,,Yorkshire,True,,,,"Poll Tax, West Riding of Yorkshire, 1379, p. 29","Poll Tax, West Riding of Yorkshire, 1379",P. T. Yorks. p. 29,"Johannes Acrys, 1379: P. T. Yorks. p. 29.",39,2,"Acre, Acres, Acker, Akers","London, 0, 2, 1, 8: Philadelphia, 1, 0, 27, 0",high,https://archive.org/details/adictionaryengl00goog/page/39/mode/1up
189,Roger,Acres,"of the Acre, or Acres, from residence beside the field or fields called the Acre or Acres",Local,1379,1379,1379,,Yorkshire,True,,,,"Poll Tax, West Riding of Yorkshire, 1379, p. 291","Poll Tax, West Riding of Yorkshire, 1379",ibid. p. 291,"Roger Acres, 1379: ibid. p. 291.",39,2,"Acre, Acres, Acker, Akers","London, 0, 2, 1, 8: Philadelphia, 1, 0, 27, 0",high,https://archive.org/details/adictionaryengl00goog/page/39/mode/1up
190,John,Acres,"of the Acre, or Acres, from residence beside the field or fields called the Acre or Acres",Local,1691,1691,1691,Baptism,London,False,"St. James, Clerkenwell, London",Son of Richard Acres,,"Register of St. James, Clerkenwell, 1551-1754 (Harleian Society), vol. i, p. 340","Register of St. James, Clerkenwell, 1551-1754 (Harleian Society)","St. Jas. Clerkenwell, i. 340","1691. Bapt.—John, s. Richard Acres: St. Jas. Clerkenwell, i. 340.",39,2,"Acre, Acres, Acker, Akers","London, 0, 2, 1, 8: Philadelphia, 1, 0, 27, 0",high,https://archive.org/details/adictionaryengl00goog/page/39/mode/1up
191,Richard,Acres,"of the Acre, or Acres, from residence beside the field or fields called the Acre or Acres",Local,1691,1691,1691,Baptism,London,False,"St. James, Clerkenwell, London","Father of John Acres, baptised",,"Register of St. James, Clerkenwell, 1551-1754 (Harleian Society), vol. i, p. 340","Register of St. James, Clerkenwell, 1551-1754 (Harleian Society)","St. Jas. Clerkenwell, i. 340","1691. Bapt.—John, s. Richard Acres: St. Jas. Clerkenwell, i. 340.",39,2,"Acre, Acres, Acker, Akers","London, 0, 2, 1, 8: Philadelphia, 1, 0, 27, 0",high,https://archive.org/details/adictionaryengl00goog/page/39/mode/1up
192,John,de Aketon,"of Acton, i.e. the farmstead among the oaks",Local,1273,1273,1273,,Somerset,False,Somerset,,"There are in England no less than sixteen parishes, hamlets, townships, &c., called Acton.","Hundred Rolls, 1273","Hundred Rolls, 1273",A,"John de Aketon, co. Soms., 1273. A.",39,3,Acton,"London, 6; Philadelphia, 7",high,https://archive.org/details/adictionaryengl00goog/page/39/mode/1up
193,Nicholas,de Aketon,"of Acton, i.e. the farmstead among the oaks",Local,1273,1273,1273,,Northumberland,False,Northumberland,,"There are in England no less than sixteen parishes, hamlets, townships, &c., called Acton.","Hundred Rolls, 1273","Hundred Rolls, 1273",ibid.,"Nicholas de Aketon, co. Northumb., ibid.",39,3,Acton,"London, 6; Philadelphia, 7",high,https://archive.org/details/adictionaryengl00goog/page/39/mode/1up
194,John,de Actone,"of Acton, i.e. the farmstead among the oaks",Local,1 Edw. III,1327,1327,,Somerset,False,Somerset,,"There are in England no less than sixteen parishes, hamlets, townships, &c., called Acton.","Kirby's Quest for Somerset (Exchequer Lay Subsidy, 1 Edw. III), Somerset Record Society, 1889, p. 188","Kirby's Quest for Somerset (Exchequer Lay Subsidy, 1 Edw. III), Somerset Record Society, 1889","Kirby's Quest, p. 188","John de Actone, co. Soms., 1 Edw. III: Kirby's Quest, p. 188.",39,3,Acton,"London, 6; Philadelphia, 7",high,https://archive.org/details/adictionaryengl00goog/page/39/mode/1up
195,Drue,de Acton,"of Acton, i.e. the farmstead among the oaks",Local,c. Hen. III,1216,1272,,Norfolk,False,Norfolk,,"There are in England no less than sixteen parishes, hamlets, townships, &c., called Acton.","History of Norfolk (Blomefield and Parkin), vol. ix, p. 111",History of Norfolk (Blomefield and Parkin),FF. ix. 111,"Drue de Acton, co. Norf., c. Hen. III: FF. ix. 111.",39,3,Acton,"London, 6; Philadelphia, 7",high,https://archive.org/details/adictionaryengl00goog/page/39/mode/1up
196,Johannes,de Ayketon,"of Acton, i.e. the farmstead among the oaks",Local,1379,1379,1379,,Yorkshire,True,,,"There are in England no less than sixteen parishes, hamlets, townships, &c., called Acton.","Poll Tax, West Riding of Yorkshire, 1379, p. 251","Poll Tax, West Riding of Yorkshire, 1379",P. T. Yorks. p. 251,"Johannes de Ayketon, 1379: P. T. Yorks. p. 251.",39,3,Acton,"London, 6; Philadelphia, 7",high,https://archive.org/details/adictionaryengl00goog/page/39/mode/1up
197,Alex[ande]r,Acton,"of Acton, i.e. the farmstead among the oaks",Local,1569,1569,1569,Baptism,London,False,"St. James, Clerkenwell, London",Son of Alex[ande]r Acton,"There are in England no less than sixteen parishes, hamlets, townships, &c., called Acton.","Register of St. James, Clerkenwell, 1551-1754 (Harleian Society), vol. i, p. 5","Register of St. James, Clerkenwell, 1551-1754 (Harleian Society)","St. Jas. Clerkenwell, i. 5","1569. Bapt.—Alexdr., son of Alexdr. Acton: St. Jas. Clerkenwell, i. 5.",39,3,Acton,"London, 6; Philadelphia, 7",high,https://archive.org/details/adictionaryengl00goog/page/39/mode/1up
198,Alex[ande]r,Acton,"of Acton, i.e. the farmstead among the oaks",Local,1569,1569,1569,Baptism,London,False,"St. James, Clerkenwell, London","Father of Alex[ande]r Acton, baptised","There are in England no less than sixteen parishes, hamlets, townships, &c., called Acton.","Register of St. James, Clerkenwell, 1551-1754 (Harleian Society), vol. i, p. 5","Register of St. James, Clerkenwell, 1551-1754 (Harleian Society)","St. Jas. Clerkenwell, i. 5","1569. Bapt.—Alexdr., son of Alexdr. Acton: St. Jas. Clerkenwell, i. 5.",39,3,Acton,"London, 6; Philadelphia, 7",high,https://archive.org/details/adictionaryengl00goog/page/39/mode/1up
199,John,Acton,"of Acton, i.e. the farmstead among the oaks",Local,1582,1582,1582,,Shropshire,False,Shropshire,,"There are in England no less than sixteen parishes, hamlets, townships, &c., called Acton.","Register of the University of Oxford (Oxford Historical Society), vol. ii, pt. ii, p. 119",Register of the University of Oxford (Oxford Historical Society),Reg. Univ. Oxf. vol. ii. pt. ii. p. 119,"1582. John Acton, co. Salop: Reg. Univ. Oxf. vol. ii. pt. ii. p. 119.",39,3,Acton,"London, 6; Philadelphia, 7",high,https://archive.org/details/adictionaryengl00goog/page/39/mode/1up
200,Ricardus,de Ackeworthe,"of Ackworth, a parish near Wakefield, co. York",Local,1379,1379,1379,,Yorkshire,True,,,,"Poll Tax, West Riding of Yorkshire, 1379, p. 60","Poll Tax, West Riding of Yorkshire, 1379",P. T. Yorks. p. 60,"Ricardus de Ackeworthe, 1379: P. T. Yorks. p. 60.",39,3,Acworth,"West Riding Court Dir., 1",high,https://archive.org/details/adictionaryengl00goog/page/39/mode/1up
201,Adam,de Ackeworth,"of Ackworth, a parish near Wakefield, co. York",Local,1379,1379,1379,,Yorkshire,True,,,,"Poll Tax, West Riding of Yorkshire, 1379, p. 33","Poll Tax, West Riding of Yorkshire, 1379",ibid. p. 33,"Adam de Ackeworth, 1379: ibid. p. 33.",39,3,Acworth,"West Riding Court Dir., 1",high,https://archive.org/details/adictionaryengl00goog/page/39/mode/1up
202,Frances,Acworth,"of Ackworth, a parish near Wakefield, co. York",Local,1529-30,1529,1530,Marriage licence,London,False,London,Marriage licence with Robert Charnock,,"Allegations for Marriage Licences issued by the Bishop of London, 1520-1828 (Harleian Society), vol. i, p. 7","Allegations for Marriage Licences issued by the Bishop of London, 1520-1828 (Harleian Society)","Marriage Lic. (London), i. 7","1529-30. Robert Charnock and Frances Acworth: Marriage Lic. (London), i. 7.",39,3,Acworth,"West Riding Court Dir., 1",high,https://archive.org/details/adictionaryengl00goog/page/39/mode/1up
203,Robert,Charnock,"of Ackworth, a parish near Wakefield, co. York",Local,1529-30,1529,1530,Marriage licence,London,False,London,Marriage licence with Frances Acworth,,"Allegations for Marriage Licences issued by the Bishop of London, 1520-1828 (Harleian Society), vol. i, p. 7","Allegations for Marriage Licences issued by the Bishop of London, 1520-1828 (Harleian Society)","Marriage Lic. (London), i. 7","1529-30. Robert Charnock and Frances Acworth: Marriage Lic. (London), i. 7.",39,3,Acworth,"West Riding Court Dir., 1",high,https://archive.org/details/adictionaryengl00goog/page/39/mode/1up
204,Richard,Ackworth,"of Ackworth, a parish near Wakefield, co. York",Local,1589,1589,1589,,London,False,London,,,"Register of the University of Oxford (Oxford Historical Society), vol. ii, pt. ii, p. 172",Register of the University of Oxford (Oxford Historical Society),Reg. Univ. Oxf. vol. ii. pt. ii. p. 172,"1589. Richard Ackworth, London: Reg. Univ. Oxf. vol. ii. pt. ii. p. 172.",39,3,Acworth,"West Riding Court Dir., 1",high,https://archive.org/details/adictionaryengl00goog/page/39/mode/1up
205,Thomas,Acworth,"of Ackworth, a parish near Wakefield, co. York",Local,1600-1,1600,1601,Burial,London,False,"St. Dionis Backchurch, London",,,"Register of St. Dionis Backchurch, London, 1538-1754 (Harleian Society), p. 205","Register of St. Dionis Backchurch, London, 1538-1754 (Harleian Society)","St. Dionis Backchurch, p. 205","1600-1. Buried—Thomas Acworth: St. Dionis Backchurch, p. 205.",39,3,Acworth,"West Riding Court Dir., 1",high,https://archive.org/details/adictionaryengl00goog/page/39/mode/1up
206,John,fil. Adam,the son of Adam,Baptismal,1273,1273,1273,,Oxfordshire,False,Oxfordshire,son of Adam (fil. = son of),"Almost the prime favourite as a font-name in the 13th century; v. Addis, Adcock, Atkins, Atkinson, Addyman, &c. Adams is remarkably well represented in the United States. A single glance at the Index to Hotten's Lists of Emigrants will suffice to show that many Adams, Addams, Adamsons, or Addamsons were among the early settlers.","Hundred Rolls, 1273","Hundred Rolls, 1273",A,"John fil. Adam, co. Oxf., 1273. A.",39,3,"Adam, Adames, Adams, Adamson","London, 11, 2, 180, 14; Boston, 9, 0, 363, 14",high,https://archive.org/details/adictionaryengl00goog/page/39/mode/1up
207,Adam,(unknown),the son of Adam,Baptismal,1273,1273,1273,,Oxfordshire,False,Oxfordshire,Father of John fil. Adam. Recorded as a patronymic - may not necessarily be nominative form,"Almost the prime favourite as a font-name in the 13th century; v. Addis, Adcock, Atkins, Atkinson, Addyman, &c. Adams is remarkably well represented in the United States. A single glance at the Index to Hotten's Lists of Emigrants will suffice to show that many Adams, Addams, Adamsons, or Addamsons were among the early settlers.","Hundred Rolls, 1273","Hundred Rolls, 1273",A,"John fil. Adam, co. Oxf., 1273. A.",39,3,"Adam, Adames, Adams, Adamson","London, 11, 2, 180, 14; Boston, 9, 0, 363, 14",high,https://archive.org/details/adictionaryengl00goog/page/39/mode/1up
208,Hugh,fil. Adam,the son of Adam,Baptismal,1273,1273,1273,,Oxfordshire,False,Oxfordshire,son of Adam (fil. = son of),"Almost the prime favourite as a font-name in the 13th century; v. Addis, Adcock, Atkins, Atkinson, Addyman, &c. Adams is remarkably well represented in the United States. A single glance at the Index to Hotten's Lists of Emigrants will suffice to show that many Adams, Addams, Adamsons, or Addamsons were among the early settlers.","Hundred Rolls, 1273","Hundred Rolls, 1273",ibid.,"Hugh fil. Adam, co. Oxf., ibid.",39,3,"Adam, Adames, Adams, Adamson","London, 11, 2, 180, 14; Boston, 9, 0, 363, 14",high,https://archive.org/details/adictionaryengl00goog/page/39/mode/1up
209,Adam,(unknown),the son of Adam,Baptismal,1273,1273,1273,,Oxfordshire,False,Oxfordshire,Father of Hugh fil. Adam. Recorded as a patronymic - may not necessarily be nominative form,"Almost the prime favourite as a font-name in the 13th century; v. Addis, Adcock, Atkins, Atkinson, Addyman, &c. Adams is remarkably well represented in the United States. A single glance at the Index to Hotten's Lists of Emigrants will suffice to show that many Adams, Addams, Adamsons, or Addamsons were among the early settlers.","Hundred Rolls, 1273","Hundred Rolls, 1273",ibid.,"Hugh fil. Adam, co. Oxf., ibid.",39,3,"Adam, Adames, Adams, Adamson","London, 11, 2, 180, 14; Boston, 9, 0, 363, 14",high,https://archive.org/details/adictionaryengl00goog/page/39/mode/1up
210,German,Adam,the son of Adam,Baptismal,1273,1273,1273,,Cambridgeshire,False,Cambridgeshire,,"Almost the prime favourite as a font-name in the 13th century; v. Addis, Adcock, Atkins, Atkinson, Addyman, &c. Adams is remarkably well represented in the United States. A single glance at the Index to Hotten's Lists of Emigrants will suffice to show that many Adams, Addams, Adamsons, or Addamsons were among the early settlers.","Hundred Rolls, 1273","Hundred Rolls, 1273",ibid.,"German Adam, co. Camb., ibid.",39,3,"Adam, Adames, Adams, Adamson","London, 11, 2, 180, 14; Boston, 9, 0, 363, 14",high,https://archive.org/details/adictionaryengl00goog/page/39/mode/1up
211,Juliana,Adams,the son of Adam,Baptismal,1273,1273,1273,,Huntingdonshire,False,Huntingdonshire,,"Almost the prime favourite as a font-name in the 13th century; v. Addis, Adcock, Atkins, Atkinson, Addyman, &c. Adams is remarkably well represented in the United States. A single glance at the Index to Hotten's Lists of Emigrants will suffice to show that many Adams, Addams, Adamsons, or Addamsons were among the early settlers.","Hundred Rolls, 1273","Hundred Rolls, 1273",ibid.,"Juliana Adams, co. Hunts, ibid.",39,3,"Adam, Adames, Adams, Adamson","London, 11, 2, 180, 14; Boston, 9, 0, 363, 14",high,https://archive.org/details/adictionaryengl00goog/page/39/mode/1up
212,Johannes,Adamson,the son of Adam,Baptismal,1379,1379,1379,,Yorkshire,True,,,"Almost the prime favourite as a font-name in the 13th century; v. Addis, Adcock, Atkins, Atkinson, Addyman, &c. Adams is remarkably well represented in the United States. A single glance at the Index to Hotten's Lists of Emigrants will suffice to show that many Adams, Addams, Adamsons, or Addamsons were among the early settlers.","Poll Tax, West Riding of Yorkshire, 1379, p. 112","Poll Tax, West Riding of Yorkshire, 1379",P. T. Yorks. p. 112,"Johannes Adamson, 1379: P. T. Yorks. p. 112.",39,3,"Adam, Adames, Adams, Adamson","London, 11, 2, 180, 14; Boston, 9, 0, 363, 14",high,https://archive.org/details/adictionaryengl00goog/page/39/mode/1up
213,Johannes,Adam,the son of Adam,Baptismal,1379,1379,1379,,Yorkshire,True,,carnifex (butcher),"Almost the prime favourite as a font-name in the 13th century; v. Addis, Adcock, Atkins, Atkinson, Addyman, &c. Adams is remarkably well represented in the United States. A single glance at the Index to Hotten's Lists of Emigrants will suffice to show that many Adams, Addams, Adamsons, or Addamsons were among the early settlers.","Poll Tax, West Riding of Yorkshire, 1379, p. 113","Poll Tax, West Riding of Yorkshire, 1379",ibid. p. 113,"Johannes Adam, carnifex, 1379: ibid. p. 113.",39,3,"Adam, Adames, Adams, Adamson","London, 11, 2, 180, 14; Boston, 9, 0, 363, 14",high,https://archive.org/details/adictionaryengl00goog/page/39/mode/1up
214,Thomas,Adamson,the son of Adam,Baptismal,1379,1379,1379,,Yorkshire,True,,,"Almost the prime favourite as a font-name in the 13th century; v. Addis, Adcock, Atkins, Atkinson, Addyman, &c. Adams is remarkably well represented in the United States. A single glance at the Index to Hotten's Lists of Emigrants will suffice to show that many Adams, Addams, Adamsons, or Addamsons were among the early settlers.","Poll Tax, West Riding of Yorkshire, 1379, p. 300","Poll Tax, West Riding of Yorkshire, 1379",ibid. p. 300,"Thomas Adamson, 1379: ibid. p. 300.",39,3,"Adam, Adames, Adams, Adamson","London, 11, 2, 180, 14; Boston, 9, 0, 363, 14",high,https://archive.org/details/adictionaryengl00goog/page/39/mode/1up
215,Anne,Addams,the son of Adam,Baptismal,1619,1619,1619,Marriage licence,London,False,London,Marriage licence with Thomas Williams,"Almost the prime favourite as a font-name in the 13th century; v. Addis, Adcock, Atkins, Atkinson, Addyman, &c. Adams is remarkably well represented in the United States. A single glance at the Index to Hotten's Lists of Emigrants will suffice to show that many Adams, Addams, Adamsons, or Addamsons were among the early settlers.","Allegations for Marriage Licences issued by the Bishop of London, 1520-1828 (Harleian Society), vol. ii, p. 80","Allegations for Marriage Licences issued by the Bishop of London, 1520-1828 (Harleian Society)","Marriage Lic. (London), ii. 80","1619. Thomas Williams and Anne Addams: Marriage Lic. (London), ii. 80.",39,3,"Adam, Adames, Adams, Adamson","London, 11, 2, 180, 14; Boston, 9, 0, 363, 14",high,https://archive.org/details/adictionaryengl00goog/page/39/mode/1up
216,Thomas,Williams,the son of Adam,Baptismal,1619,1619,1619,Marriage licence,London,False,London,Marriage licence with Anne Addams,"Almost the prime favourite as a font-name in the 13th century; v. Addis, Adcock, Atkins, Atkinson, Addyman, &c. Adams is remarkably well represented in the United States. A single glance at the Index to Hotten's Lists of Emigrants will suffice to show that many Adams, Addams, Adamsons, or Addamsons were among the early settlers.","Allegations for Marriage Licences issued by the Bishop of London, 1520-1828 (Harleian Society), vol. ii, p. 80","Allegations for Marriage Licences issued by the Bishop of London, 1520-1828 (Harleian Society)","Marriage Lic. (London), ii. 80","1619. Thomas Williams and Anne Addams: Marriage Lic. (London), ii. 80.",39,3,"Adam, Adames, Adams, Adamson","London, 11, 2, 180, 14; Boston, 9, 0, 363, 14",high,https://archive.org/details/adictionaryengl00goog/page/39/mode/1up
217,Thomas,Adames,the son of Adam,Baptismal,1640-1,1640,1641,Marriage licence,London,False,London,"[Unclear: middle letters of surname broken in print (A..mes); read as Adames, a headword form] Marriage licence with Eliz[abeth] Emerson","Almost the prime favourite as a font-name in the 13th century; v. Addis, Adcock, Atkins, Atkinson, Addyman, &c. Adams is remarkably well represented in the United States. A single glance at the Index to Hotten's Lists of Emigrants will suffice to show that many Adams, Addams, Adamsons, or Addamsons were among the early settlers.","Allegations for Marriage Licences issued by the Bishop of London, 1520-1828 (Harleian Society), vol. ii, p. 256","Allegations for Marriage Licences issued by the Bishop of London, 1520-1828 (Harleian Society)",ibid. p. 256,1640-1. Thomas Adames and Eliz. Emerson: ibid. p. 256.,39,3,"Adam, Adames, Adams, Adamson","London, 11, 2, 180, 14; Boston, 9, 0, 363, 14",low,https://archive.org/details/adictionaryengl00goog/page/39/mode/1up
218,Eliz[abeth],Emerson,the son of Adam,Baptismal,1640-1,1640,1641,Marriage licence,London,False,London,Marriage licence with Thomas Adames,"Almost the prime favourite as a font-name in the 13th century; v. Addis, Adcock, Atkins, Atkinson, Addyman, &c. Adams is remarkably well represented in the United States. A single glance at the Index to Hotten's Lists of Emigrants will suffice to show that many Adams, Addams, Adamsons, or Addamsons were among the early settlers.","Allegations for Marriage Licences issued by the Bishop of London, 1520-1828 (Harleian Society), vol. ii, p. 256","Allegations for Marriage Licences issued by the Bishop of London, 1520-1828 (Harleian Society)",ibid. p. 256,1640-1. Thomas Adames and Eliz. Emerson: ibid. p. 256.,39,3,"Adam, Adames, Adams, Adamson","London, 11, 2, 180, 14; Boston, 9, 0, 363, 14",low,https://archive.org/details/adictionaryengl00goog/page/39/mode/1up
219,,Adamthwaite,"of Adamthwaite (i.e. the clearing of Adam the first settler, probably in the 12th century), a small hamlet in Ravenstonedale, co. Westm.",Local,,,,,,False,,,v. Thwaites.,,,,,39,3,Adamthwaite,"MDB. (co. Westm.), 2",high,https://archive.org/details/adictionaryengl00goog/page/39/mode/1up
220,Reynold,Adamthwaite,"of Adamthwaite (i.e. the clearing of Adam the first settler, probably in the 12th century), a small hamlet in Ravenstonedale, co. Westm.",Local,1541,1541,1541,,Westmorland,False,"Ravenstonedale, Westmorland",,v. Thwaites.,"W. Nicholls, History and Traditions of Ravenstonedale, co. Westmorland, p. 113","W. Nicholls, History and Traditions of Ravenstonedale, co. Westmorland","W. Nicholls, History and Traditions of Ravenstonedale, co. Westm., p. 113","Reynold Adamthwaite, 1541: W. Nicholls, History and Traditions of Ravenstonedale, co. Westm., p. 113.",40,1,Adamthwaite,"MDB. (co. Westm.), 2",high,https://archive.org/details/adictionaryengl00goog/page/40/mode/1up
221,Robert,Adamthwaite,"of Adamthwaite (i.e. the clearing of Adam the first settler, probably in the 12th century), a small hamlet in Ravenstonedale, co. Westm.",Local,1541,1541,1541,,Westmorland,False,"Ravenstonedale, Westmorland",,v. Thwaites.,"W. Nicholls, History and Traditions of Ravenstonedale, co. Westmorland, p. 113","W. Nicholls, History and Traditions of Ravenstonedale, co. Westmorland",ibid.,"Robert Adamthwaite, 1541: ibid.",40,1,Adamthwaite,"MDB. (co. Westm.), 2",high,https://archive.org/details/adictionaryengl00goog/page/40/mode/1up
222,Richard,Adamthwaite,"of Adamthwaite (i.e. the clearing of Adam the first settler, probably in the 12th century), a small hamlet in Ravenstonedale, co. Westm.",Local,1541,1541,1541,,Westmorland,False,"Ravenstonedale, Westmorland",,v. Thwaites.,"W. Nicholls, History and Traditions of Ravenstonedale, co. Westmorland, p. 113","W. Nicholls, History and Traditions of Ravenstonedale, co. Westmorland",ibid.,"Richard Adamthwaite, 1541: ibid.",40,1,Adamthwaite,"MDB. (co. Westm.), 2",high,https://archive.org/details/adictionaryengl00goog/page/40/mode/1up
223,Mary,Adamthwaite,"of Adamthwaite (i.e. the clearing of Adam the first settler, probably in the 12th century), a small hamlet in Ravenstonedale, co. Westm.",Local,1638,1638,1638,Baptism,London,False,"St. James, Clerkenwell, London",daughter of Thomas Adamthwaite,v. Thwaites.,"Register of St. James, Clerkenwell, 1551-1754 (Harleian Society), i. 139","Register of St. James, Clerkenwell, 1551-1754 (Harleian Society)","St. Jas. Clerkenwell, i. 139","1638. Bapt.—Mary, d. Thomas Adamthwaite: St. Jas. Clerkenwell, i. 139.",40,1,Adamthwaite,"MDB. (co. Westm.), 2",high,https://archive.org/details/adictionaryengl00goog/page/40/mode/1up
224,Thomas,Adamthwaite,"of Adamthwaite (i.e. the clearing of Adam the first settler, probably in the 12th century), a small hamlet in Ravenstonedale, co. Westm.",Local,1638,1638,1638,Baptism,London,False,"St. James, Clerkenwell, London","Father of Mary Adamthwaite, baptised",v. Thwaites.,"Register of St. James, Clerkenwell, 1551-1754 (Harleian Society), i. 139","Register of St. James, Clerkenwell, 1551-1754 (Harleian Society)","St. Jas. Clerkenwell, i. 139","1638. Bapt.—Mary, d. Thomas Adamthwaite: St. Jas. Clerkenwell, i. 139.",40,1,Adamthwaite,"MDB. (co. Westm.), 2",high,https://archive.org/details/adictionaryengl00goog/page/40/mode/1up
225,Sibell,Adamthwaite,"of Adamthwaite (i.e. the clearing of Adam the first settler, probably in the 12th century), a small hamlet in Ravenstonedale, co. Westm.",Local,1665,1665,1665,Burial,London,False,"St. Mary Aldermary, London",,v. Thwaites.,"Register of St. Mary Aldermary, London, 1558-1754 (Harleian Society), p. 186","Register of St. Mary Aldermary, London, 1558-1754 (Harleian Society)","St. Mary Aldermary, p. 186","1665. Buried—Sibell Adamthwaite: St. Mary Aldermary, p. 186.",40,1,Adamthwaite,"MDB. (co. Westm.), 2",high,https://archive.org/details/adictionaryengl00goog/page/40/mode/1up
226,Hamme,son of Adecock,"the son of Adam, from the nick. Ade with suffix -cock",Baptismal,1311,1311,1311,,,False,,son of Adecock; held 29 acres of land,"Cf. Wilcock, Jeffcock, Watcock, &c.; v. Addis with Atcock; cf. Atkins for Adkins.","De Lacy Inquisition, 1311","De Lacy Inquisition, 1311","De Lacy Inquisition, 1311","'Hamme, son of Adecock, held 29 acres of land': De Lacy Inquisition, 1311.",40,1,"Adcock, Atcock","London, 12, 0; New York, 1, 0; Philadelphia, 0, 1",high,https://archive.org/details/adictionaryengl00goog/page/40/mode/1up
227,Adecock,(unknown),"the son of Adam, from the nick. Ade with suffix -cock",Baptismal,1311,1311,1311,,,False,,Father of Hamme son of Adecock. Recorded as a patronymic - may not necessarily be nominative form,"Cf. Wilcock, Jeffcock, Watcock, &c.; v. Addis with Atcock; cf. Atkins for Adkins.","De Lacy Inquisition, 1311","De Lacy Inquisition, 1311","De Lacy Inquisition, 1311","'Hamme, son of Adecock, held 29 acres of land': De Lacy Inquisition, 1311.",40,1,"Adcock, Atcock","London, 12, 0; New York, 1, 0; Philadelphia, 0, 1",high,https://archive.org/details/adictionaryengl00goog/page/40/mode/1up
228,Robertus,Adcok,"the son of Adam, from the nick. Ade with suffix -cock",Baptismal,1379,1379,1379,,Yorkshire,False,West Riding of Yorkshire,,"Cf. Wilcock, Jeffcock, Watcock, &c.; v. Addis with Atcock; cf. Atkins for Adkins.","Poll Tax, West Riding of Yorkshire, 1379, p. 203","Poll Tax, West Riding of Yorkshire, 1379",P. T. Yorks. p. 203,"Robertus Adcok, 1379: P. T. Yorks. p. 203.",40,1,"Adcock, Atcock","London, 12, 0; New York, 1, 0; Philadelphia, 0, 1",high,https://archive.org/details/adictionaryengl00goog/page/40/mode/1up
229,Robertus,Adkokson,"the son of Adam, from the nick. Ade with suffix -cock",Baptismal,1379,1379,1379,,Yorkshire,False,West Riding of Yorkshire,,"Cf. Wilcock, Jeffcock, Watcock, &c.; v. Addis with Atcock; cf. Atkins for Adkins.","Poll Tax, West Riding of Yorkshire, 1379, p. 287","Poll Tax, West Riding of Yorkshire, 1379",ibid. p. 287,"Robertus Adkokson, 1379: ibid. p. 287.",40,1,"Adcock, Atcock","London, 12, 0; New York, 1, 0; Philadelphia, 0, 1",high,https://archive.org/details/adictionaryengl00goog/page/40/mode/1up
230,William,Atcok,"the son of Adam, from the nick. Ade with suffix -cock",Baptismal,1379,1379,1379,,Yorkshire,False,West Riding of Yorkshire,,"Cf. Wilcock, Jeffcock, Watcock, &c.; v. Addis with Atcock; cf. Atkins for Adkins.","Poll Tax, West Riding of Yorkshire, 1379, p. 234","Poll Tax, West Riding of Yorkshire, 1379",ibid. p. 234,"William Atcok, 1379: ibid. p. 234.",40,1,"Adcock, Atcock","London, 12, 0; New York, 1, 0; Philadelphia, 0, 1",high,https://archive.org/details/adictionaryengl00goog/page/40/mode/1up
231,Katurne,Adcock,"the son of Adam, from the nick. Ade with suffix -cock",Baptismal,1539,1539,1539,Marriage,London,False,"St. Antholin, London",Married Thomas Smith,"Cf. Wilcock, Jeffcock, Watcock, &c.; v. Addis with Atcock; cf. Atkins for Adkins.","Register of St. Antholin, Budge Row, London, 1538-1754 (Harleian Society), p. 1","Register of St. Antholin, Budge Row, London, 1538-1754 (Harleian Society)","St. Antholin, London, p. 1","1539. Married—Thomas Smith and Katurne Adcock: St. Antholin, London, p. 1.",40,1,"Adcock, Atcock","London, 12, 0; New York, 1, 0; Philadelphia, 0, 1",high,https://archive.org/details/adictionaryengl00goog/page/40/mode/1up
232,Thomas,Smith,"the son of Adam, from the nick. Ade with suffix -cock",Baptismal,1539,1539,1539,Marriage,London,False,"St. Antholin, London",Married Katurne Adcock,"Cf. Wilcock, Jeffcock, Watcock, &c.; v. Addis with Atcock; cf. Atkins for Adkins.","Register of St. Antholin, Budge Row, London, 1538-1754 (Harleian Society), p. 1","Register of St. Antholin, Budge Row, London, 1538-1754 (Harleian Society)","St. Antholin, London, p. 1","1539. Married—Thomas Smith and Katurne Adcock: St. Antholin, London, p. 1.",40,1,"Adcock, Atcock","London, 12, 0; New York, 1, 0; Philadelphia, 0, 1",high,https://archive.org/details/adictionaryengl00goog/page/40/mode/1up
233,Thomas,Adcocke,"the son of Adam, from the nick. Ade with suffix -cock",Baptismal,1673,1673,1673,Baptism,London,False,"St. James, Clerkenwell, London",son of Thomas Adcocke,"Cf. Wilcock, Jeffcock, Watcock, &c.; v. Addis with Atcock; cf. Atkins for Adkins.","Register of St. James, Clerkenwell, 1551-1754 (Harleian Society), i. 259","Register of St. James, Clerkenwell, 1551-1754 (Harleian Society)","St. Jas. Clerkenwell, i. 259","1673. Bapt.—Thomas, son of Thomas Adcocke: St. Jas. Clerkenwell, i. 259.",40,1,"Adcock, Atcock","London, 12, 0; New York, 1, 0; Philadelphia, 0, 1",high,https://archive.org/details/adictionaryengl00goog/page/40/mode/1up
234,Thomas,Adcocke,"the son of Adam, from the nick. Ade with suffix -cock",Baptismal,1673,1673,1673,Baptism,London,False,"St. James, Clerkenwell, London","Father of Thomas Adcocke, baptised","Cf. Wilcock, Jeffcock, Watcock, &c.; v. Addis with Atcock; cf. Atkins for Adkins.","Register of St. James, Clerkenwell, 1551-1754 (Harleian Society), i. 259","Register of St. James, Clerkenwell, 1551-1754 (Harleian Society)","St. Jas. Clerkenwell, i. 259","1673. Bapt.—Thomas, son of Thomas Adcocke: St. Jas. Clerkenwell, i. 259.",40,1,"Adcock, Atcock","London, 12, 0; New York, 1, 0; Philadelphia, 0, 1",high,https://archive.org/details/adictionaryengl00goog/page/40/mode/1up
235,Henry,de Addreleg,"of Atherley, a parish in co. Salop, pronounced Adderley",Local,Hen. III-Edw. I,1216,1307,,Shropshire,False,Shropshire,,,"Testa de Nevill, sive Liber Feodorum, temp. Hen. III-Edw. I","Testa de Nevill, sive Liber Feodorum, temp. Hen. III-Edw. I",K,"Henry de Addreleg, co. Salop, Hen. III-Edw. I. K.",40,1,"Adderley, Atherly","London, 6, 1; Philadelphia, 0, 2",high,https://archive.org/details/adictionaryengl00goog/page/40/mode/1up
236,Roger,de Addeleg,"of Atherley, a parish in co. Salop, pronounced Adderley",Local,Hen. III-Edw. I,1216,1307,,Wiltshire,False,Wiltshire,,,"Testa de Nevill, sive Liber Feodorum, temp. Hen. III-Edw. I","Testa de Nevill, sive Liber Feodorum, temp. Hen. III-Edw. I",ibid.,"Roger de Addeleg, co. Wilts, ibid.",40,1,"Adderley, Atherly","London, 6, 1; Philadelphia, 0, 2",high,https://archive.org/details/adictionaryengl00goog/page/40/mode/1up
237,Ralph,Adderley,"of Atherley, a parish in co. Salop, pronounced Adderley",Local,1574-5,1574,1575,,Lincolnshire,False,Lincolnshire,,,"Register of the University of Oxford (Oxford Historical Society), vol. ii, pt. ii, p. 60",Register of the University of Oxford (Oxford Historical Society),Reg. Univ. Oxf. vol. ii. pt. ii. p. 60,"1574-5. Ralph Adderley, co. Linc.: Reg. Univ. Oxf. vol. ii. pt. ii. p. 60.",40,1,"Adderley, Atherly","London, 6, 1; Philadelphia, 0, 2",high,https://archive.org/details/adictionaryengl00goog/page/40/mode/1up
238,Ralph,Adderley,"of Atherley, a parish in co. Salop, pronounced Adderley",Local,1585,1585,1585,,Staffordshire,False,Staffordshire,,,"Register of the University of Oxford (Oxford Historical Society), vol. ii, pt. ii, p. 142",Register of the University of Oxford (Oxford Historical Society),ibid. p. 142,"1585. Ralph Adderley, co. Staff.: ibid. p. 142.",40,1,"Adderley, Atherly","London, 6, 1; Philadelphia, 0, 2",high,https://archive.org/details/adictionaryengl00goog/page/40/mode/1up
239,Humphrey,Adderley,"of Atherley, a parish in co. Salop, pronounced Adderley",Local,1599,1599,1599,,Warwickshire,False,Warwickshire,,,"Register of the University of Oxford (Oxford Historical Society), vol. ii, pt. ii, p. 235",Register of the University of Oxford (Oxford Historical Society),ibid. p. 235,"1599. Humphrey Adderley, co. Warw.: ibid. p. 235.",40,1,"Adderley, Atherly","London, 6, 1; Philadelphia, 0, 2",high,https://archive.org/details/adictionaryengl00goog/page/40/mode/1up
240,Ruth,Adderley,"of Atherley, a parish in co. Salop, pronounced Adderley",Local,1686,1686,1686,Marriage,London,False,"St. Michael, Cornhill, London",Married William Cuttler,,"Register of St. Michael, Cornhill, 1546-1754 (Harleian Society), p. 44","Register of St. Michael, Cornhill, 1546-1754 (Harleian Society)","St. Michael, Cornhill, p. 44","1686. William Cuttler and Ruth Adderley: St. Michael, Cornhill, p. 44.",40,1,"Adderley, Atherly","London, 6, 1; Philadelphia, 0, 2",high,https://archive.org/details/adictionaryengl00goog/page/40/mode/1up
241,William,Cuttler,"of Atherley, a parish in co. Salop, pronounced Adderley",Local,1686,1686,1686,Marriage,London,False,"St. Michael, Cornhill, London",Married Ruth Adderley,,"Register of St. Michael, Cornhill, 1546-1754 (Harleian Society), p. 44","Register of St. Michael, Cornhill, 1546-1754 (Harleian Society)","St. Michael, Cornhill, p. 44","1686. William Cuttler and Ruth Adderley: St. Michael, Cornhill, p. 44.",40,1,"Adderley, Atherly","London, 6, 1; Philadelphia, 0, 2",high,https://archive.org/details/adictionaryengl00goog/page/40/mode/1up
242,,Addinell,"the son of Adam, from an early dim. (?)",Baptismal,,,,,,False,,,"Cf. Adnett and Adnitt, q.v.",,,,,40,1,Addinell,"Tadcaster, 3",high,https://archive.org/details/adictionaryengl00goog/page/40/mode/1up
243,Nicholas,fil. Ade,"the son of Adam, from the nick. Ad, Ade, or Addy",Baptismal,1379,1379,1379,,Yorkshire,False,West Riding of Yorkshire,fil. Ade = son of Ade (Adam),"All are reminders of the wonderful popularity of Adam in the north of England, if not in the south; cf. Adcock and Adkin, q.v. A common entry in the Hundred Rolls [of the 'fil. Ade' form]. With the variant Adice cf. Ellice for Ellis, or Bevance for Bevans.","Poll Tax, West Riding of Yorkshire, 1379, p. 203","Poll Tax, West Riding of Yorkshire, 1379",P. T. Yorks. p. 203,"Nicholas fil. Ade, 1379: P. T. Yorks. p. 203.",40,1,"Addis, Addison, Adds, Addy, Ade, Ades, Adey, Adie, Ady, Addey, Aday, Adee","London, 8, 12, 1, 1, 2, 3, 6, 2, 1, 0, 0, 0; Philadelphia, 23, 8, 0, 1, 6, 0, 0, 0, 0, 0, 0, 0; New York, 0, 5, 0, 2, 1, 0, 0, 2, 0, 1, 1, 12",high,https://archive.org/details/adictionaryengl00goog/page/40/mode/1up
244,Ade,(unknown),"the son of Adam, from the nick. Ad, Ade, or Addy",Baptismal,1379,1379,1379,,Yorkshire,False,West Riding of Yorkshire,Father of Nicholas fil. Ade. Recorded as a patronymic - may not necessarily be nominative form,"All are reminders of the wonderful popularity of Adam in the north of England, if not in the south; cf. Adcock and Adkin, q.v. A common entry in the Hundred Rolls [of the 'fil. Ade' form]. With the variant Adice cf. Ellice for Ellis, or Bevance for Bevans.","Poll Tax, West Riding of Yorkshire, 1379, p. 203","Poll Tax, West Riding of Yorkshire, 1379",P. T. Yorks. p. 203,"Nicholas fil. Ade, 1379: P. T. Yorks. p. 203.",40,1,"Addis, Addison, Adds, Addy, Ade, Ades, Adey, Adie, Ady, Addey, Aday, Adee","London, 8, 12, 1, 1, 2, 3, 6, 2, 1, 0, 0, 0; Philadelphia, 23, 8, 0, 1, 6, 0, 0, 0, 0, 0, 0, 0; New York, 0, 5, 0, 2, 1, 0, 0, 2, 0, 1, 1, 12",high,https://archive.org/details/adictionaryengl00goog/page/40/mode/1up
245,Matilda,Addy,"the son of Adam, from the nick. Ad, Ade, or Addy",Baptismal,1379,1379,1379,,Yorkshire,False,West Riding of Yorkshire,,"All are reminders of the wonderful popularity of Adam in the north of England, if not in the south; cf. Adcock and Adkin, q.v. A common entry in the Hundred Rolls [of the 'fil. Ade' form]. With the variant Adice cf. Ellice for Ellis, or Bevance for Bevans.","Poll Tax, West Riding of Yorkshire, 1379, p. 203","Poll Tax, West Riding of Yorkshire, 1379",ibid.,"Matilda Addy, 1379: ibid.",40,1,"Addis, Addison, Adds, Addy, Ade, Ades, Adey, Adie, Ady, Addey, Aday, Adee","London, 8, 12, 1, 1, 2, 3, 6, 2, 1, 0, 0, 0; Philadelphia, 23, 8, 0, 1, 6, 0, 0, 0, 0, 0, 0, 0; New York, 0, 5, 0, 2, 1, 0, 0, 2, 0, 1, 1, 12",high,https://archive.org/details/adictionaryengl00goog/page/40/mode/1up
246,Robertus,fil. Ade,"the son of Adam, from the nick. Ad, Ade, or Addy",Baptismal,1379,1379,1379,,Yorkshire,False,West Riding of Yorkshire,fil. Ade = son of Ade (Adam),"All are reminders of the wonderful popularity of Adam in the north of England, if not in the south; cf. Adcock and Adkin, q.v. A common entry in the Hundred Rolls [of the 'fil. Ade' form]. With the variant Adice cf. Ellice for Ellis, or Bevance for Bevans.","Poll Tax, West Riding of Yorkshire, 1379, p. 203","Poll Tax, West Riding of Yorkshire, 1379",ibid.,"Robertus fil. Ade, 1379: ibid.",40,1,"Addis, Addison, Adds, Addy, Ade, Ades, Adey, Adie, Ady, Addey, Aday, Adee","London, 8, 12, 1, 1, 2, 3, 6, 2, 1, 0, 0, 0; Philadelphia, 23, 8, 0, 1, 6, 0, 0, 0, 0, 0, 0, 0; New York, 0, 5, 0, 2, 1, 0, 0, 2, 0, 1, 1, 12",high,https://archive.org/details/adictionaryengl00goog/page/40/mode/1up
247,Ade,(unknown),"the son of Adam, from the nick. Ad, Ade, or Addy",Baptismal,1379,1379,1379,,Yorkshire,False,West Riding of Yorkshire,Father of Robertus fil. Ade. Recorded as a patronymic - may not necessarily be nominative form,"All are reminders of the wonderful popularity of Adam in the north of England, if not in the south; cf. Adcock and Adkin, q.v. A common entry in the Hundred Rolls [of the 'fil. Ade' form]. With the variant Adice cf. Ellice for Ellis, or Bevance for Bevans.","Poll Tax, West Riding of Yorkshire, 1379, p. 203","Poll Tax, West Riding of Yorkshire, 1379",ibid.,"Robertus fil. Ade, 1379: ibid.",40,1,"Addis, Addison, Adds, Addy, Ade, Ades, Adey, Adie, Ady, Addey, Aday, Adee","London, 8, 12, 1, 1, 2, 3, 6, 2, 1, 0, 0, 0; Philadelphia, 23, 8, 0, 1, 6, 0, 0, 0, 0, 0, 0, 0; New York, 0, 5, 0, 2, 1, 0, 0, 2, 0, 1, 1, 12",high,https://archive.org/details/adictionaryengl00goog/page/40/mode/1up
248,Alicia,relicta Ade,"the son of Adam, from the nick. Ad, Ade, or Addy",Baptismal,1379,1379,1379,,Yorkshire,False,West Riding of Yorkshire,relicta Ade = widow of Ade (Adam),"All are reminders of the wonderful popularity of Adam in the north of England, if not in the south; cf. Adcock and Adkin, q.v. A common entry in the Hundred Rolls [of the 'fil. Ade' form]. With the variant Adice cf. Ellice for Ellis, or Bevance for Bevans.","Poll Tax, West Riding of Yorkshire, 1379, p. 203","Poll Tax, West Riding of Yorkshire, 1379",ibid.,"Alicia relicta Ade, 1379: ibid.",40,1,"Addis, Addison, Adds, Addy, Ade, Ades, Adey, Adie, Ady, Addey, Aday, Adee","London, 8, 12, 1, 1, 2, 3, 6, 2, 1, 0, 0, 0; Philadelphia, 23, 8, 0, 1, 6, 0, 0, 0, 0, 0, 0, 0; New York, 0, 5, 0, 2, 1, 0, 0, 2, 0, 1, 1, 12",high,https://archive.org/details/adictionaryengl00goog/page/40/mode/1up
249,Ade,(unknown),"the son of Adam, from the nick. Ad, Ade, or Addy",Baptismal,1379,1379,1379,,Yorkshire,False,West Riding of Yorkshire,Husband of Alicia relicta Ade (relicta = widow of). Recorded as a patronymic - may not necessarily be nominative form,"All are reminders of the wonderful popularity of Adam in the north of England, if not in the south; cf. Adcock and Adkin, q.v. A common entry in the Hundred Rolls [of the 'fil. Ade' form]. With the variant Adice cf. Ellice for Ellis, or Bevance for Bevans.","Poll Tax, West Riding of Yorkshire, 1379, p. 203","Poll Tax, West Riding of Yorkshire, 1379",ibid.,"Alicia relicta Ade, 1379: ibid.",40,1,"Addis, Addison, Adds, Addy, Ade, Ades, Adey, Adie, Ady, Addey, Aday, Adee","London, 8, 12, 1, 1, 2, 3, 6, 2, 1, 0, 0, 0; Philadelphia, 23, 8, 0, 1, 6, 0, 0, 0, 0, 0, 0, 0; New York, 0, 5, 0, 2, 1, 0, 0, 2, 0, 1, 1, 12",high,https://archive.org/details/adictionaryengl00goog/page/40/mode/1up
250,Willelmus,Addes,"the son of Adam, from the nick. Ad, Ade, or Addy",Baptismal,1379,1379,1379,,Yorkshire,False,West Riding of Yorkshire,,"All are reminders of the wonderful popularity of Adam in the north of England, if not in the south; cf. Adcock and Adkin, q.v. A common entry in the Hundred Rolls [of the 'fil. Ade' form]. With the variant Adice cf. Ellice for Ellis, or Bevance for Bevans.","Poll Tax, West Riding of Yorkshire, 1379, p. 195","Poll Tax, West Riding of Yorkshire, 1379",ibid. p. 195,"Willelmus Addes, 1379: ibid. p. 195.",40,1,"Addis, Addison, Adds, Addy, Ade, Ades, Adey, Adie, Ady, Addey, Aday, Adee","London, 8, 12, 1, 1, 2, 3, 6, 2, 1, 0, 0, 0; Philadelphia, 23, 8, 0, 1, 6, 0, 0, 0, 0, 0, 0, 0; New York, 0, 5, 0, 2, 1, 0, 0, 2, 0, 1, 1, 12",high,https://archive.org/details/adictionaryengl00goog/page/40/mode/1up
251,Agnes,fil. Ade,"the son of Adam, from the nick. Ad, Ade, or Addy",Baptismal,1273,1273,1273,,Huntingdonshire,False,Huntingdonshire,fil. Ade = daughter of Ade (Adam),"All are reminders of the wonderful popularity of Adam in the north of England, if not in the south; cf. Adcock and Adkin, q.v. A common entry in the Hundred Rolls [of the 'fil. Ade' form]. With the variant Adice cf. Ellice for Ellis, or Bevance for Bevans.","Hundred Rolls, 1273","Hundred Rolls, 1273",A,"Agnes fil. Ade, co. Hunts, 1273. A.",40,1,"Addis, Addison, Adds, Addy, Ade, Ades, Adey, Adie, Ady, Addey, Aday, Adee","London, 8, 12, 1, 1, 2, 3, 6, 2, 1, 0, 0, 0; Philadelphia, 23, 8, 0, 1, 6, 0, 0, 0, 0, 0, 0, 0; New York, 0, 5, 0, 2, 1, 0, 0, 2, 0, 1, 1, 12",high,https://archive.org/details/adictionaryengl00goog/page/40/mode/1up
252,Ade,(unknown),"the son of Adam, from the nick. Ad, Ade, or Addy",Baptismal,1273,1273,1273,,Huntingdonshire,False,Huntingdonshire,Father of Agnes fil. Ade. Recorded as a patronymic - may not necessarily be nominative form,"All are reminders of the wonderful popularity of Adam in the north of England, if not in the south; cf. Adcock and Adkin, q.v. A common entry in the Hundred Rolls [of the 'fil. Ade' form]. With the variant Adice cf. Ellice for Ellis, or Bevance for Bevans.","Hundred Rolls, 1273","Hundred Rolls, 1273",A,"Agnes fil. Ade, co. Hunts, 1273. A.",40,1,"Addis, Addison, Adds, Addy, Ade, Ades, Adey, Adie, Ady, Addey, Aday, Adee","London, 8, 12, 1, 1, 2, 3, 6, 2, 1, 0, 0, 0; Philadelphia, 23, 8, 0, 1, 6, 0, 0, 0, 0, 0, 0, 0; New York, 0, 5, 0, 2, 1, 0, 0, 2, 0, 1, 1, 12",high,https://archive.org/details/adictionaryengl00goog/page/40/mode/1up
253,Robert,Ade,"the son of Adam, from the nick. Ad, Ade, or Addy",Baptismal,1273,1273,1273,,Leicestershire,False,Leicestershire,,"All are reminders of the wonderful popularity of Adam in the north of England, if not in the south; cf. Adcock and Adkin, q.v. A common entry in the Hundred Rolls [of the 'fil. Ade' form]. With the variant Adice cf. Ellice for Ellis, or Bevance for Bevans.","Hundred Rolls, 1273","Hundred Rolls, 1273",ibid.,"Robert Ade, co. Leic., ibid.",40,1,"Addis, Addison, Adds, Addy, Ade, Ades, Adey, Adie, Ady, Addey, Aday, Adee","London, 8, 12, 1, 1, 2, 3, 6, 2, 1, 0, 0, 0; Philadelphia, 23, 8, 0, 1, 6, 0, 0, 0, 0, 0, 0, 0; New York, 0, 5, 0, 2, 1, 0, 0, 2, 0, 1, 1, 12",high,https://archive.org/details/adictionaryengl00goog/page/40/mode/1up
254,Emma,fil. Ade,"the son of Adam, from the nick. Ad, Ade, or Addy",Baptismal,1273,1273,1273,,Lincolnshire,False,Lincolnshire,fil. Ade = daughter of Ade (Adam),"All are reminders of the wonderful popularity of Adam in the north of England, if not in the south; cf. Adcock and Adkin, q.v. A common entry in the Hundred Rolls [of the 'fil. Ade' form]. With the variant Adice cf. Ellice for Ellis, or Bevance for Bevans.","Hundred Rolls, 1273","Hundred Rolls, 1273",ibid.,"Emma fil Ade, co. Linc., ibid.",40,2,"Addis, Addison, Adds, Addy, Ade, Ades, Adey, Adie, Ady, Addey, Aday, Adee","London, 8, 12, 1, 1, 2, 3, 6, 2, 1, 0, 0, 0; Philadelphia, 23, 8, 0, 1, 6, 0, 0, 0, 0, 0, 0, 0; New York, 0, 5, 0, 2, 1, 0, 0, 2, 0, 1, 1, 12",high,https://archive.org/details/adictionaryengl00goog/page/40/mode/1up
255,Ade,(unknown),"the son of Adam, from the nick. Ad, Ade, or Addy",Baptismal,1273,1273,1273,,Lincolnshire,False,Lincolnshire,Father of Emma fil. Ade. Recorded as a patronymic - may not necessarily be nominative form,"All are reminders of the wonderful popularity of Adam in the north of England, if not in the south; cf. Adcock and Adkin, q.v. A common entry in the Hundred Rolls [of the 'fil. Ade' form]. With the variant Adice cf. Ellice for Ellis, or Bevance for Bevans.","Hundred Rolls, 1273","Hundred Rolls, 1273",ibid.,"Emma fil Ade, co. Linc., ibid.",40,2,"Addis, Addison, Adds, Addy, Ade, Ades, Adey, Adie, Ady, Addey, Aday, Adee","London, 8, 12, 1, 1, 2, 3, 6, 2, 1, 0, 0, 0; Philadelphia, 23, 8, 0, 1, 6, 0, 0, 0, 0, 0, 0, 0; New York, 0, 5, 0, 2, 1, 0, 0, 2, 0, 1, 1, 12",high,https://archive.org/details/adictionaryengl00goog/page/40/mode/1up
256,John,Addye,"the son of Adam, from the nick. Ad, Ade, or Addy",Baptismal,1574,1574,1574,Marriage licence,,False,,Licence to marry Eliz[abeth] Walker,"All are reminders of the wonderful popularity of Adam in the north of England, if not in the south; cf. Adcock and Adkin, q.v. A common entry in the Hundred Rolls [of the 'fil. Ade' form]. With the variant Adice cf. Ellice for Ellis, or Bevance for Bevans.","Allegations for Marriage Licences issued by the Vicar-General of the Archbishop of Canterbury, 1660-1694 (Harleian Society), p. 5","Allegations for Marriage Licences issued by the Vicar-General of the Archbishop of Canterbury, 1660-1694 (Harleian Society)","Marriage Alleg. (Canterbury), p. 5","1574. John Addye and Eliz. Walker: Marriage Alleg. (Canterbury), p. 5.",40,2,"Addis, Addison, Adds, Addy, Ade, Ades, Adey, Adie, Ady, Addey, Aday, Adee","London, 8, 12, 1, 1, 2, 3, 6, 2, 1, 0, 0, 0; Philadelphia, 23, 8, 0, 1, 6, 0, 0, 0, 0, 0, 0, 0; New York, 0, 5, 0, 2, 1, 0, 0, 2, 0, 1, 1, 12",high,https://archive.org/details/adictionaryengl00goog/page/40/mode/1up
257,Eliz[abeth],Walker,"the son of Adam, from the nick. Ad, Ade, or Addy",Baptismal,1574,1574,1574,Marriage licence,,False,,Licence to marry John Addye,"All are reminders of the wonderful popularity of Adam in the north of England, if not in the south; cf. Adcock and Adkin, q.v. A common entry in the Hundred Rolls [of the 'fil. Ade' form]. With the variant Adice cf. Ellice for Ellis, or Bevance for Bevans.","Allegations for Marriage Licences issued by the Vicar-General of the Archbishop of Canterbury, 1660-1694 (Harleian Society), p. 5","Allegations for Marriage Licences issued by the Vicar-General of the Archbishop of Canterbury, 1660-1694 (Harleian Society)","Marriage Alleg. (Canterbury), p. 5","1574. John Addye and Eliz. Walker: Marriage Alleg. (Canterbury), p. 5.",40,2,"Addis, Addison, Adds, Addy, Ade, Ades, Adey, Adie, Ady, Addey, Aday, Adee","London, 8, 12, 1, 1, 2, 3, 6, 2, 1, 0, 0, 0; Philadelphia, 23, 8, 0, 1, 6, 0, 0, 0, 0, 0, 0, 0; New York, 0, 5, 0, 2, 1, 0, 0, 2, 0, 1, 1, 12",high,https://archive.org/details/adictionaryengl00goog/page/40/mode/1up
258,Edward,Adice,"the son of Adam, from the nick. Ad, Ade, or Addy",Baptismal,1575,1575,1575,,Shropshire,False,Shropshire,,"All are reminders of the wonderful popularity of Adam in the north of England, if not in the south; cf. Adcock and Adkin, q.v. A common entry in the Hundred Rolls [of the 'fil. Ade' form]. With the variant Adice cf. Ellice for Ellis, or Bevance for Bevans.","Register of the University of Oxford (Oxford Historical Society), vol. ii, pt. ii, p. 65",Register of the University of Oxford (Oxford Historical Society),Reg. Univ. Oxf. vol. ii. pt. ii. p. 65,"1575. Edward Adice, co. Salop: Reg. Univ. Oxf. vol. ii. pt. ii. p. 65.",40,2,"Addis, Addison, Adds, Addy, Ade, Ades, Adey, Adie, Ady, Addey, Aday, Adee","London, 8, 12, 1, 1, 2, 3, 6, 2, 1, 0, 0, 0; Philadelphia, 23, 8, 0, 1, 6, 0, 0, 0, 0, 0, 0, 0; New York, 0, 5, 0, 2, 1, 0, 0, 2, 0, 1, 1, 12",high,https://archive.org/details/adictionaryengl00goog/page/40/mode/1up
259,Agnes,Adye,"the son of Adam, from the nick. Ad, Ade, or Addy",Baptismal,1580,1580,1580,Marriage licence,,False,,Licence to marry Thomas Buller,"All are reminders of the wonderful popularity of Adam in the north of England, if not in the south; cf. Adcock and Adkin, q.v. A common entry in the Hundred Rolls [of the 'fil. Ade' form]. With the variant Adice cf. Ellice for Ellis, or Bevance for Bevans.","Allegations for Marriage Licences issued by the Vicar-General of the Archbishop of Canterbury, 1660-1694 (Harleian Society), p. 7","Allegations for Marriage Licences issued by the Vicar-General of the Archbishop of Canterbury, 1660-1694 (Harleian Society)","Marriage Alleg. (Canterbury), p. 7","1580. Thomas Buller and Agnes Adye: Marriage Alleg. (Canterbury), p. 7.",40,2,"Addis, Addison, Adds, Addy, Ade, Ades, Adey, Adie, Ady, Addey, Aday, Adee","London, 8, 12, 1, 1, 2, 3, 6, 2, 1, 0, 0, 0; Philadelphia, 23, 8, 0, 1, 6, 0, 0, 0, 0, 0, 0, 0; New York, 0, 5, 0, 2, 1, 0, 0, 2, 0, 1, 1, 12",high,https://archive.org/details/adictionaryengl00goog/page/40/mode/1up
260,Thomas,Buller,"the son of Adam, from the nick. Ad, Ade, or Addy",Baptismal,1580,1580,1580,Marriage licence,,False,,Licence to marry Agnes Adye,"All are reminders of the wonderful popularity of Adam in the north of England, if not in the south; cf. Adcock and Adkin, q.v. A common entry in the Hundred Rolls [of the 'fil. Ade' form]. With the variant Adice cf. Ellice for Ellis, or Bevance for Bevans.","Allegations for Marriage Licences issued by the Vicar-General of the Archbishop of Canterbury, 1660-1694 (Harleian Society), p. 7","Allegations for Marriage Licences issued by the Vicar-General of the Archbishop of Canterbury, 1660-1694 (Harleian Society)","Marriage Alleg. (Canterbury), p. 7","1580. Thomas Buller and Agnes Adye: Marriage Alleg. (Canterbury), p. 7.",40,2,"Addis, Addison, Adds, Addy, Ade, Ades, Adey, Adie, Ady, Addey, Aday, Adee","London, 8, 12, 1, 1, 2, 3, 6, 2, 1, 0, 0, 0; Philadelphia, 23, 8, 0, 1, 6, 0, 0, 0, 0, 0, 0, 0; New York, 0, 5, 0, 2, 1, 0, 0, 2, 0, 1, 1, 12",high,https://archive.org/details/adictionaryengl00goog/page/40/mode/1up
261,Henry,Adis,"the son of Adam, from the nick. Ad, Ade, or Addy",Baptismal,1585,1585,1585,,Dorset,False,Dorset,,"All are reminders of the wonderful popularity of Adam in the north of England, if not in the south; cf. Adcock and Adkin, q.v. A common entry in the Hundred Rolls [of the 'fil. Ade' form]. With the variant Adice cf. Ellice for Ellis, or Bevance for Bevans.","Register of the University of Oxford (Oxford Historical Society), vol. ii, pt. ii, p. 141",Register of the University of Oxford (Oxford Historical Society),Reg. Univ. Oxf. vol. ii. pt. ii. p. 141,"1585. Henry Adis, co. Dorset: Reg. Univ. Oxf. vol. ii. pt. ii. p. 141.",40,2,"Addis, Addison, Adds, Addy, Ade, Ades, Adey, Adie, Ady, Addey, Aday, Adee","London, 8, 12, 1, 1, 2, 3, 6, 2, 1, 0, 0, 0; Philadelphia, 23, 8, 0, 1, 6, 0, 0, 0, 0, 0, 0, 0; New York, 0, 5, 0, 2, 1, 0, 0, 2, 0, 1, 1, 12",high,https://archive.org/details/adictionaryengl00goog/page/40/mode/1up
262,Leah,Ady,"the son of Adam, from the nick. Ad, Ade, or Addy",Baptismal,1665,1665,1665,Marriage licence,,False,,Licence to marry Henry Marsh,"All are reminders of the wonderful popularity of Adam in the north of England, if not in the south; cf. Adcock and Adkin, q.v. A common entry in the Hundred Rolls [of the 'fil. Ade' form]. With the variant Adice cf. Ellice for Ellis, or Bevance for Bevans.","Allegations for Marriage Licences issued by the Vicar-General of the Archbishop of Canterbury, 1660-1694 (Harleian Society), p. 106","Allegations for Marriage Licences issued by the Vicar-General of the Archbishop of Canterbury, 1660-1694 (Harleian Society)","Marriage Alleg. (Canterbury), p. 106","1665. Henry Marsh and Leah Ady: Marriage Alleg. (Canterbury), p. 106.",40,2,"Addis, Addison, Adds, Addy, Ade, Ades, Adey, Adie, Ady, Addey, Aday, Adee","London, 8, 12, 1, 1, 2, 3, 6, 2, 1, 0, 0, 0; Philadelphia, 23, 8, 0, 1, 6, 0, 0, 0, 0, 0, 0, 0; New York, 0, 5, 0, 2, 1, 0, 0, 2, 0, 1, 1, 12",high,https://archive.org/details/adictionaryengl00goog/page/40/mode/1up
263,Henry,Marsh,"the son of Adam, from the nick. Ad, Ade, or Addy",Baptismal,1665,1665,1665,Marriage licence,,False,,Licence to marry Leah Ady,"All are reminders of the wonderful popularity of Adam in the north of England, if not in the south; cf. Adcock and Adkin, q.v. A common entry in the Hundred Rolls [of the 'fil. Ade' form]. With the variant Adice cf. Ellice for Ellis, or Bevance for Bevans.","Allegations for Marriage Licences issued by the Vicar-General of the Archbishop of Canterbury, 1660-1694 (Harleian Society), p. 106","Allegations for Marriage Licences issued by the Vicar-General of the Archbishop of Canterbury, 1660-1694 (Harleian Society)","Marriage Alleg. (Canterbury), p. 106","1665. Henry Marsh and Leah Ady: Marriage Alleg. (Canterbury), p. 106.",40,2,"Addis, Addison, Adds, Addy, Ade, Ades, Adey, Adie, Ady, Addey, Aday, Adee","London, 8, 12, 1, 1, 2, 3, 6, 2, 1, 0, 0, 0; Philadelphia, 23, 8, 0, 1, 6, 0, 0, 0, 0, 0, 0, 0; New York, 0, 5, 0, 2, 1, 0, 0, 2, 0, 1, 1, 12",high,https://archive.org/details/adictionaryengl00goog/page/40/mode/1up
264,John,Addis,"the son of Adam, from the nick. Ad, Ade, or Addy",Baptismal,1673,1673,1673,Marriage licence,,False,,,"All are reminders of the wonderful popularity of Adam in the north of England, if not in the south; cf. Adcock and Adkin, q.v. A common entry in the Hundred Rolls [of the 'fil. Ade' form]. With the variant Adice cf. Ellice for Ellis, or Bevance for Bevans.","Allegations for Marriage Licences issued by the Vicar-General of the Archbishop of Canterbury, 1660-1694 (Harleian Society), p. 215","Allegations for Marriage Licences issued by the Vicar-General of the Archbishop of Canterbury, 1660-1694 (Harleian Society)",ibid. p. 215,1673. John Addis: ibid. p. 215.,40,2,"Addis, Addison, Adds, Addy, Ade, Ades, Adey, Adie, Ady, Addey, Aday, Adee","London, 8, 12, 1, 1, 2, 3, 6, 2, 1, 0, 0, 0; Philadelphia, 23, 8, 0, 1, 6, 0, 0, 0, 0, 0, 0, 0; New York, 0, 5, 0, 2, 1, 0, 0, 2, 0, 1, 1, 12",high,https://archive.org/details/adictionaryengl00goog/page/40/mode/1up
265,Jane,Adey,"the son of Adam, from the nick. Ad, Ade, or Addy",Baptismal,1673,1673,1673,Marriage licence,,False,,Licence to marry William Bright,"All are reminders of the wonderful popularity of Adam in the north of England, if not in the south; cf. Adcock and Adkin, q.v. A common entry in the Hundred Rolls [of the 'fil. Ade' form]. With the variant Adice cf. Ellice for Ellis, or Bevance for Bevans.","Allegations for Marriage Licences issued by the Vicar-General of the Archbishop of Canterbury, 1660-1694 (Harleian Society), p. 217","Allegations for Marriage Licences issued by the Vicar-General of the Archbishop of Canterbury, 1660-1694 (Harleian Society)",ibid. p. 217,- William Bright and Jane Adey: ibid. p. 217.,40,2,"Addis, Addison, Adds, Addy, Ade, Ades, Adey, Adie, Ady, Addey, Aday, Adee","London, 8, 12, 1, 1, 2, 3, 6, 2, 1, 0, 0, 0; Philadelphia, 23, 8, 0, 1, 6, 0, 0, 0, 0, 0, 0, 0; New York, 0, 5, 0, 2, 1, 0, 0, 2, 0, 1, 1, 12",high,https://archive.org/details/adictionaryengl00goog/page/40/mode/1up
266,William,Bright,"the son of Adam, from the nick. Ad, Ade, or Addy",Baptismal,1673,1673,1673,Marriage licence,,False,,Licence to marry Jane Adey,"All are reminders of the wonderful popularity of Adam in the north of England, if not in the south; cf. Adcock and Adkin, q.v. A common entry in the Hundred Rolls [of the 'fil. Ade' form]. With the variant Adice cf. Ellice for Ellis, or Bevance for Bevans.","Allegations for Marriage Licences issued by the Vicar-General of the Archbishop of Canterbury, 1660-1694 (Harleian Society), p. 217","Allegations for Marriage Licences issued by the Vicar-General of the Archbishop of Canterbury, 1660-1694 (Harleian Society)",ibid. p. 217,- William Bright and Jane Adey: ibid. p. 217.,40,2,"Addis, Addison, Adds, Addy, Ade, Ades, Adey, Adie, Ady, Addey, Aday, Adee","London, 8, 12, 1, 1, 2, 3, 6, 2, 1, 0, 0, 0; Philadelphia, 23, 8, 0, 1, 6, 0, 0, 0, 0, 0, 0, 0; New York, 0, 5, 0, 2, 1, 0, 0, 2, 0, 1, 1, 12",high,https://archive.org/details/adictionaryengl00goog/page/40/mode/1up
267,Edward,Addice,"the son of Adam, from the nick. Ad, Ade, or Addy",Baptismal,1679,1679,1679,Emigration,,False,,,"All are reminders of the wonderful popularity of Adam in the north of England, if not in the south; cf. Adcock and Adkin, q.v. A common entry in the Hundred Rolls [of the 'fil. Ade' form]. With the variant Adice cf. Ellice for Ellis, or Bevance for Bevans.","Hotten's Original Lists of Emigrants, 1600-1700 (pub. 1874), p. 473","Hotten's Original Lists of Emigrants, 1600-1700 (pub. 1874)","Hotten's Emigrants, p. 473","Edward Addice, 1679: Hotten's Emigrants, p. 473.",40,2,"Addis, Addison, Adds, Addy, Ade, Ades, Adey, Adie, Ady, Addey, Aday, Adee","London, 8, 12, 1, 1, 2, 3, 6, 2, 1, 0, 0, 0; Philadelphia, 23, 8, 0, 1, 6, 0, 0, 0, 0, 0, 0, 0; New York, 0, 5, 0, 2, 1, 0, 0, 2, 0, 1, 1, 12",high,https://archive.org/details/adictionaryengl00goog/page/40/mode/1up
268,John,Adee,"the son of Adam, from the nick. Ad, Ade, or Addy",Baptismal,1699,1699,1699,Baptism,London,False,"St. Dionis Backchurch, London",son of John and Susanah Adee,"All are reminders of the wonderful popularity of Adam in the north of England, if not in the south; cf. Adcock and Adkin, q.v. A common entry in the Hundred Rolls [of the 'fil. Ade' form]. With the variant Adice cf. Ellice for Ellis, or Bevance for Bevans.","Register of St. Dionis Backchurch, London, 1538-1754 (Harleian Society), p. 138","Register of St. Dionis Backchurch, London, 1538-1754 (Harleian Society)","St. Dionis Backchurch, London, p. 138","1699. Bapt.—John, son of John and Susanah Adee: St. Dionis Backchurch, London, p. 138.",40,2,"Addis, Addison, Adds, Addy, Ade, Ades, Adey, Adie, Ady, Addey, Aday, Adee","London, 8, 12, 1, 1, 2, 3, 6, 2, 1, 0, 0, 0; Philadelphia, 23, 8, 0, 1, 6, 0, 0, 0, 0, 0, 0, 0; New York, 0, 5, 0, 2, 1, 0, 0, 2, 0, 1, 1, 12",high,https://archive.org/details/adictionaryengl00goog/page/40/mode/1up
269,John,Adee,"the son of Adam, from the nick. Ad, Ade, or Addy",Baptismal,1699,1699,1699,Baptism,London,False,"St. Dionis Backchurch, London","Father of John Adee, baptised; husband of Susanah Adee","All are reminders of the wonderful popularity of Adam in the north of England, if not in the south; cf. Adcock and Adkin, q.v. A common entry in the Hundred Rolls [of the 'fil. Ade' form]. With the variant Adice cf. Ellice for Ellis, or Bevance for Bevans.","Register of St. Dionis Backchurch, London, 1538-1754 (Harleian Society), p. 138","Register of St. Dionis Backchurch, London, 1538-1754 (Harleian Society)","St. Dionis Backchurch, London, p. 138","1699. Bapt.—John, son of John and Susanah Adee: St. Dionis Backchurch, London, p. 138.",40,2,"Addis, Addison, Adds, Addy, Ade, Ades, Adey, Adie, Ady, Addey, Aday, Adee","London, 8, 12, 1, 1, 2, 3, 6, 2, 1, 0, 0, 0; Philadelphia, 23, 8, 0, 1, 6, 0, 0, 0, 0, 0, 0, 0; New York, 0, 5, 0, 2, 1, 0, 0, 2, 0, 1, 1, 12",high,https://archive.org/details/adictionaryengl00goog/page/40/mode/1up
270,Susanah,Adee,"the son of Adam, from the nick. Ad, Ade, or Addy",Baptismal,1699,1699,1699,Baptism,London,False,"St. Dionis Backchurch, London","Mother of John Adee, baptised; wife of John Adee","All are reminders of the wonderful popularity of Adam in the north of England, if not in the south; cf. Adcock and Adkin, q.v. A common entry in the Hundred Rolls [of the 'fil. Ade' form]. With the variant Adice cf. Ellice for Ellis, or Bevance for Bevans.","Register of St. Dionis Backchurch, London, 1538-1754 (Harleian Society), p. 138","Register of St. Dionis Backchurch, London, 1538-1754 (Harleian Society)","St. Dionis Backchurch, London, p. 138","1699. Bapt.—John, son of John and Susanah Adee: St. Dionis Backchurch, London, p. 138.",40,2,"Addis, Addison, Adds, Addy, Ade, Ades, Adey, Adie, Ady, Addey, Aday, Adee","London, 8, 12, 1, 1, 2, 3, 6, 2, 1, 0, 0, 0; Philadelphia, 23, 8, 0, 1, 6, 0, 0, 0, 0, 0, 0, 0; New York, 0, 5, 0, 2, 1, 0, 0, 2, 0, 1, 1, 12",high,https://archive.org/details/adictionaryengl00goog/page/40/mode/1up
271,Edward,Addis,"the son of Adam, from the nick. Ad, Ade, or Addy",Baptismal,1713,1713,1713,Baptism,London,False,"St. James, Clerkenwell, London",son of John Addis,"All are reminders of the wonderful popularity of Adam in the north of England, if not in the south; cf. Adcock and Adkin, q.v. A common entry in the Hundred Rolls [of the 'fil. Ade' form]. With the variant Adice cf. Ellice for Ellis, or Bevance for Bevans.","Register of St. James, Clerkenwell, 1551-1754 (Harleian Society), ii. 71","Register of St. James, Clerkenwell, 1551-1754 (Harleian Society)","St. Jas. Clerkenwell, ii. 71","1713.—Edward, son of John Addis: St. Jas. Clerkenwell, ii. 71.",40,2,"Addis, Addison, Adds, Addy, Ade, Ades, Adey, Adie, Ady, Addey, Aday, Adee","London, 8, 12, 1, 1, 2, 3, 6, 2, 1, 0, 0, 0; Philadelphia, 23, 8, 0, 1, 6, 0, 0, 0, 0, 0, 0, 0; New York, 0, 5, 0, 2, 1, 0, 0, 2, 0, 1, 1, 12",high,https://archive.org/details/adictionaryengl00goog/page/40/mode/1up
272,John,Addis,"the son of Adam, from the nick. Ad, Ade, or Addy",Baptismal,1713,1713,1713,Baptism,London,False,"St. James, Clerkenwell, London","Father of Edward Addis, baptised","All are reminders of the wonderful popularity of Adam in the north of England, if not in the south; cf. Adcock and Adkin, q.v. A common entry in the Hundred Rolls [of the 'fil. Ade' form]. With the variant Adice cf. Ellice for Ellis, or Bevance for Bevans.","Register of St. James, Clerkenwell, 1551-1754 (Harleian Society), ii. 71","Register of St. James, Clerkenwell, 1551-1754 (Harleian Society)","St. Jas. Clerkenwell, ii. 71","1713.—Edward, son of John Addis: St. Jas. Clerkenwell, ii. 71.",40,2,"Addis, Addison, Adds, Addy, Ade, Ades, Adey, Adie, Ady, Addey, Aday, Adee","London, 8, 12, 1, 1, 2, 3, 6, 2, 1, 0, 0, 0; Philadelphia, 23, 8, 0, 1, 6, 0, 0, 0, 0, 0, 0, 0; New York, 0, 5, 0, 2, 1, 0, 0, 2, 0, 1, 1, 12",high,https://archive.org/details/adictionaryengl00goog/page/40/mode/1up
273,Adam,Symmeson,"the servant or knave of Addy, i.e. Adam",Occupational,1379,1379,1379,,Yorkshire,False,West Riding of Yorkshire,souter (shoemaker); master of Johannes servicus Ade Symmeson,"v. Addy and Addison. This is decidedly interesting. It is one of the chief witnesses to-day of the existence of the class of surnames to which it belongs. As a matter of course its home is in Yorkshire; cf. Mathewman, Peterman, Perryman, Jackman, Bartleman, &c. In the following entries, although Ade (i.e. Addy) is given as the nick. of Adam, the entry is unfortunately in Latin. In English it would have read Thomas and Johannes Addyman. We are more fortunate in a further instance, where the English form is given.","Poll Tax, West Riding of Yorkshire, 1379, p. 25","Poll Tax, West Riding of Yorkshire, 1379",P. T. Yorks. p. 25,"Adam Symmeson, souter, 1379: P. T. Yorks. p. 25.",40,2,Addyman,"West Riding Court Dir., 3; Leeds, 2",high,https://archive.org/details/adictionaryengl00goog/page/40/mode/1up
274,Johannes,servicus Ade Symmeson,"the servant or knave of Addy, i.e. Adam",Occupational,1379,1379,1379,,Yorkshire,False,West Riding of Yorkshire,servicus Ade Symmeson = servant of Adam Symmeson; in English would read Johannes Addyman,"v. Addy and Addison. This is decidedly interesting. It is one of the chief witnesses to-day of the existence of the class of surnames to which it belongs. As a matter of course its home is in Yorkshire; cf. Mathewman, Peterman, Perryman, Jackman, Bartleman, &c. In the following entries, although Ade (i.e. Addy) is given as the nick. of Adam, the entry is unfortunately in Latin. In English it would have read Thomas and Johannes Addyman. We are more fortunate in a further instance, where the English form is given.","Poll Tax, West Riding of Yorkshire, 1379, p. 25","Poll Tax, West Riding of Yorkshire, 1379",ibid.,"Johannes servicus Ade Symmeson, 1379: ibid.",40,2,Addyman,"West Riding Court Dir., 3; Leeds, 2",high,https://archive.org/details/adictionaryengl00goog/page/40/mode/1up
275,Adam,de Wodhall,"the servant or knave of Addy, i.e. Adam",Occupational,1379,1379,1379,,Yorkshire,False,West Riding of Yorkshire,marchaunt (merchant); master of Thomas servicus dicti Ade,"v. Addy and Addison. This is decidedly interesting. It is one of the chief witnesses to-day of the existence of the class of surnames to which it belongs. As a matter of course its home is in Yorkshire; cf. Mathewman, Peterman, Perryman, Jackman, Bartleman, &c. In the following entries, although Ade (i.e. Addy) is given as the nick. of Adam, the entry is unfortunately in Latin. In English it would have read Thomas and Johannes Addyman. We are more fortunate in a further instance, where the English form is given.","Poll Tax, West Riding of Yorkshire, 1379, p. 25","Poll Tax, West Riding of Yorkshire, 1379",ibid.,"Adam de Wodhall, marchaunt, 1379: ibid.",40,2,Addyman,"West Riding Court Dir., 3; Leeds, 2",high,https://archive.org/details/adictionaryengl00goog/page/40/mode/1up
276,Thomas,servicus dicti Ade,"the servant or knave of Addy, i.e. Adam",Occupational,1379,1379,1379,,Yorkshire,False,West Riding of Yorkshire,servicus dicti Ade = servant of the said Adam (Adam de Wodhall); in English would read Thomas Addyman,"v. Addy and Addison. This is decidedly interesting. It is one of the chief witnesses to-day of the existence of the class of surnames to which it belongs. As a matter of course its home is in Yorkshire; cf. Mathewman, Peterman, Perryman, Jackman, Bartleman, &c. In the following entries, although Ade (i.e. Addy) is given as the nick. of Adam, the entry is unfortunately in Latin. In English it would have read Thomas and Johannes Addyman. We are more fortunate in a further instance, where the English form is given.","Poll Tax, West Riding of Yorkshire, 1379, p. 25","Poll Tax, West Riding of Yorkshire, 1379",ibid.,"Thomas servicus dicti Ade, 1379: ibid.",40,2,Addyman,"West Riding Court Dir., 3; Leeds, 2",high,https://archive.org/details/adictionaryengl00goog/page/40/mode/1up
277,Johannes,Addeman,"the servant or knave of Addy, i.e. Adam",Occupational,1379,1379,1379,,Yorkshire,False,West Riding of Yorkshire,,"v. Addy and Addison. This is decidedly interesting. It is one of the chief witnesses to-day of the existence of the class of surnames to which it belongs. As a matter of course its home is in Yorkshire; cf. Mathewman, Peterman, Perryman, Jackman, Bartleman, &c. In the following entries, although Ade (i.e. Addy) is given as the nick. of Adam, the entry is unfortunately in Latin. In English it would have read Thomas and Johannes Addyman. We are more fortunate in a further instance, where the English form is given.","Poll Tax, West Riding of Yorkshire, 1379, p. 195","Poll Tax, West Riding of Yorkshire, 1379",P. T. Yorks. p. 195,"Johannes Addeman, 1379: P. T. Yorks. p. 195.",40,2,Addyman,"West Riding Court Dir., 3; Leeds, 2",high,https://archive.org/details/adictionaryengl00goog/page/40/mode/1up
278,Elizabeth,Addeman,"the servant or knave of Addy, i.e. Adam",Occupational,1775,1775,1775,Marriage,London,False,"St. George, Hanover Square, London",Married Samuel Hill,"v. Addy and Addison. This is decidedly interesting. It is one of the chief witnesses to-day of the existence of the class of surnames to which it belongs. As a matter of course its home is in Yorkshire; cf. Mathewman, Peterman, Perryman, Jackman, Bartleman, &c. In the following entries, although Ade (i.e. Addy) is given as the nick. of Adam, the entry is unfortunately in Latin. In English it would have read Thomas and Johannes Addyman. We are more fortunate in a further instance, where the English form is given.","Register of St. George, Hanover Square, 1725-1809 (Harleian Society), i. 248","Register of St. George, Hanover Square, 1725-1809 (Harleian Society)",St. Geo. Han. Sq. i. 248,1775. Samuel Hill and Elizabeth Addeman: St. Geo. Han. Sq. i. 248.,40,2,Addyman,"West Riding Court Dir., 3; Leeds, 2",high,https://archive.org/details/adictionaryengl00goog/page/40/mode/1up
279,Samuel,Hill,"the servant or knave of Addy, i.e. Adam",Occupational,1775,1775,1775,Marriage,London,False,"St. George, Hanover Square, London",Married Elizabeth Addeman,"v. Addy and Addison. This is decidedly interesting. It is one of the chief witnesses to-day of the existence of the class of surnames to which it belongs. As a matter of course its home is in Yorkshire; cf. Mathewman, Peterman, Perryman, Jackman, Bartleman, &c. In the following entries, although Ade (i.e. Addy) is given as the nick. of Adam, the entry is unfortunately in Latin. In English it would have read Thomas and Johannes Addyman. We are more fortunate in a further instance, where the English form is given.","Register of St. George, Hanover Square, 1725-1809 (Harleian Society), i. 248","Register of St. George, Hanover Square, 1725-1809 (Harleian Society)",St. Geo. Han. Sq. i. 248,1775. Samuel Hill and Elizabeth Addeman: St. Geo. Han. Sq. i. 248.,40,2,Addyman,"West Riding Court Dir., 3; Leeds, 2",high,https://archive.org/details/adictionaryengl00goog/page/40/mode/1up
280,,Ade,see Addis,,,,,,,False,,,,,,,,40,2,"Ade, Adey",,high,https://archive.org/details/adictionaryengl00goog/page/40/mode/1up
281,Adam,le Fullere,"the son of Adam, from the nick. Addy, dim. Adkin, sharpened to Atkin",Baptismal,1273,1273,1273,,London,False,London,Cited in the author's commentary; citizen of London; also called Adekin le Fullere,"There is no need of course to prove this, but it is interesting to note the following: 'Adam le Fullere,' a citizen of London, is twice referred to as Adekin le Fullere (1273, Hundred Rolls, i. 426). Six centuries ago Adam probably ranked as second or third favourite among boys' names throughout England. In the north it attained a most remarkable pre-eminence. Four Adams are mentioned in the revenues of Conishead Priory, A.D. 1256 (West's Furness, pp. 192, 195). No fewer than six Adams figure as benefactors of Furness Abbey, circa 1290 (ibid.). The everyday form was Adekin, then Adkin, and finally Atkin (see Addison). The following come together [Johannes Attekyson and Alicia soror Adekynson].","Hundred Rolls, 1273, vol. i, p. 426","Hundred Rolls, 1273","Hundred Rolls, i. 426","'Adam le Fullere,' a citizen of London, is twice referred to as Adekin le Fullere (1273, Hundred Rolls, i. 426)",40,3,"Adkin, Adkins, Adkinson, Atkin, Atkins, Atkinson, Atkyns, Adkisson","London: 5, 10, 0, 9, 51, 60, 1, 0; Philadelphia, Adkisson, 3",high,https://archive.org/details/adictionaryengl00goog/page/40/mode/1up
282,Adekin,le Fullere,"the son of Adam, from the nick. Addy, dim. Adkin, sharpened to Atkin",Baptismal,1273,1273,1273,,London,False,London,Cited in the author's commentary; citizen of London; also called Adam le Fullere,"There is no need of course to prove this, but it is interesting to note the following: 'Adam le Fullere,' a citizen of London, is twice referred to as Adekin le Fullere (1273, Hundred Rolls, i. 426). Six centuries ago Adam probably ranked as second or third favourite among boys' names throughout England. In the north it attained a most remarkable pre-eminence. Four Adams are mentioned in the revenues of Conishead Priory, A.D. 1256 (West's Furness, pp. 192, 195). No fewer than six Adams figure as benefactors of Furness Abbey, circa 1290 (ibid.). The everyday form was Adekin, then Adkin, and finally Atkin (see Addison). The following come together [Johannes Attekyson and Alicia soror Adekynson].","Hundred Rolls, 1273, vol. i, p. 426","Hundred Rolls, 1273","Hundred Rolls, i. 426","'Adam le Fullere,' a citizen of London, is twice referred to as Adekin le Fullere (1273, Hundred Rolls, i. 426)",40,3,"Adkin, Adkins, Adkinson, Atkin, Atkins, Atkinson, Atkyns, Adkisson","London: 5, 10, 0, 9, 51, 60, 1, 0; Philadelphia, Adkisson, 3",high,https://archive.org/details/adictionaryengl00goog/page/40/mode/1up
283,Geoffrey,Adekyn,"the son of Adam, from the nick. Addy, dim. Adkin, sharpened to Atkin",Baptismal,10 Ric. II,1386,1387,,Norfolk,False,Norfolk,,"There is no need of course to prove this, but it is interesting to note the following: 'Adam le Fullere,' a citizen of London, is twice referred to as Adekin le Fullere (1273, Hundred Rolls, i. 426). Six centuries ago Adam probably ranked as second or third favourite among boys' names throughout England. In the north it attained a most remarkable pre-eminence. Four Adams are mentioned in the revenues of Conishead Priory, A.D. 1256 (West's Furness, pp. 192, 195). No fewer than six Adams figure as benefactors of Furness Abbey, circa 1290 (ibid.). The everyday form was Adekin, then Adkin, and finally Atkin (see Addison). The following come together [Johannes Attekyson and Alicia soror Adekynson].","History of Norfolk (Blomefield and Parkin), vol. viii, p. 446",History of Norfolk (Blomefield and Parkin),FF. viii. 446,"Geoffrey Adekyn, 10 Ric. II, co. Norf.: FF. viii. 446.",40,3,"Adkin, Adkins, Adkinson, Atkin, Atkins, Atkinson, Atkyns, Adkisson","London: 5, 10, 0, 9, 51, 60, 1, 0; Philadelphia, Adkisson, 3",high,https://archive.org/details/adictionaryengl00goog/page/40/mode/1up
284,William,Adekyn,"the son of Adam, from the nick. Addy, dim. Adkin, sharpened to Atkin",Baptismal,1 Edw. III,1327,1327,,Somerset,False,Somerset,,"There is no need of course to prove this, but it is interesting to note the following: 'Adam le Fullere,' a citizen of London, is twice referred to as Adekin le Fullere (1273, Hundred Rolls, i. 426). Six centuries ago Adam probably ranked as second or third favourite among boys' names throughout England. In the north it attained a most remarkable pre-eminence. Four Adams are mentioned in the revenues of Conishead Priory, A.D. 1256 (West's Furness, pp. 192, 195). No fewer than six Adams figure as benefactors of Furness Abbey, circa 1290 (ibid.). The everyday form was Adekin, then Adkin, and finally Atkin (see Addison). The following come together [Johannes Attekyson and Alicia soror Adekynson].","Kirby's Quest for Somerset (Exchequer Lay Subsidy, 1 Edw. III), Somerset Record Society, 1889, p. 122","Kirby's Quest for Somerset (Exchequer Lay Subsidy, 1 Edw. III), Somerset Record Society, 1889","Kirby's Quest, p. 122","William Adekyn, co. Soms, 1 Edw. III: Kirby's Quest, p. 122.",40,3,"Adkin, Adkins, Adkinson, Atkin, Atkins, Atkinson, Atkyns, Adkisson","London: 5, 10, 0, 9, 51, 60, 1, 0; Philadelphia, Adkisson, 3",high,https://archive.org/details/adictionaryengl00goog/page/40/mode/1up
285,Willelmus,Adkynson,"the son of Adam, from the nick. Addy, dim. Adkin, sharpened to Atkin",Baptismal,1379,1379,1379,,Yorkshire,False,"Howdenshire, Yorkshire",,"There is no need of course to prove this, but it is interesting to note the following: 'Adam le Fullere,' a citizen of London, is twice referred to as Adekin le Fullere (1273, Hundred Rolls, i. 426). Six centuries ago Adam probably ranked as second or third favourite among boys' names throughout England. In the north it attained a most remarkable pre-eminence. Four Adams are mentioned in the revenues of Conishead Priory, A.D. 1256 (West's Furness, pp. 192, 195). No fewer than six Adams figure as benefactors of Furness Abbey, circa 1290 (ibid.). The everyday form was Adekin, then Adkin, and finally Atkin (see Addison). The following come together [Johannes Attekyson and Alicia soror Adekynson].","Poll Tax, Howdenshire, 1379, p. 16","Poll Tax, Howdenshire, 1379","P. T. Howdenshire, p. 16","Willelmus Adkynson, 1379: P. T. Howdenshire, p. 16.",40,3,"Adkin, Adkins, Adkinson, Atkin, Atkins, Atkinson, Atkyns, Adkisson","London: 5, 10, 0, 9, 51, 60, 1, 0; Philadelphia, Adkisson, 3",high,https://archive.org/details/adictionaryengl00goog/page/40/mode/1up
286,Edmund,Adkynson,"the son of Adam, from the nick. Addy, dim. Adkin, sharpened to Atkin",Baptismal,1379,1379,1379,,Yorkshire,False,West Riding of Yorkshire,,"There is no need of course to prove this, but it is interesting to note the following: 'Adam le Fullere,' a citizen of London, is twice referred to as Adekin le Fullere (1273, Hundred Rolls, i. 426). Six centuries ago Adam probably ranked as second or third favourite among boys' names throughout England. In the north it attained a most remarkable pre-eminence. Four Adams are mentioned in the revenues of Conishead Priory, A.D. 1256 (West's Furness, pp. 192, 195). No fewer than six Adams figure as benefactors of Furness Abbey, circa 1290 (ibid.). The everyday form was Adekin, then Adkin, and finally Atkin (see Addison). The following come together [Johannes Attekyson and Alicia soror Adekynson].","Poll Tax, West Riding of Yorkshire, 1379, p. 152","Poll Tax, West Riding of Yorkshire, 1379",P. T. Yorks. p. 152,"Edmund Adkynson, 1379: P. T. Yorks. p. 152.",40,3,"Adkin, Adkins, Adkinson, Atkin, Atkins, Atkinson, Atkyns, Adkisson","London: 5, 10, 0, 9, 51, 60, 1, 0; Philadelphia, Adkisson, 3",high,https://archive.org/details/adictionaryengl00goog/page/40/mode/1up
287,Hatkyn,Benete,"the son of Adam, from the nick. Addy, dim. Adkin, sharpened to Atkin",Baptismal,1379,1379,1379,,Yorkshire,False,West Riding of Yorkshire,Hatkyn (= Atkin) is here the font-name,"There is no need of course to prove this, but it is interesting to note the following: 'Adam le Fullere,' a citizen of London, is twice referred to as Adekin le Fullere (1273, Hundred Rolls, i. 426). Six centuries ago Adam probably ranked as second or third favourite among boys' names throughout England. In the north it attained a most remarkable pre-eminence. Four Adams are mentioned in the revenues of Conishead Priory, A.D. 1256 (West's Furness, pp. 192, 195). No fewer than six Adams figure as benefactors of Furness Abbey, circa 1290 (ibid.). The everyday form was Adekin, then Adkin, and finally Atkin (see Addison). The following come together [Johannes Attekyson and Alicia soror Adekynson].","Poll Tax, West Riding of Yorkshire, 1379, p. 109","Poll Tax, West Riding of Yorkshire, 1379",ibid. p. 109,"Hatkyn Benete, 1379: ibid. p. 109.",40,3,"Adkin, Adkins, Adkinson, Atkin, Atkins, Atkinson, Atkyns, Adkisson","London: 5, 10, 0, 9, 51, 60, 1, 0; Philadelphia, Adkisson, 3",high,https://archive.org/details/adictionaryengl00goog/page/40/mode/1up
288,Johannes,Attekyson,"the son of Adam, from the nick. Addy, dim. Adkin, sharpened to Atkin",Baptismal,1379,1379,1379,,Yorkshire,False,West Riding of Yorkshire,Listed together with Alicia soror Adekynson (his sister),"There is no need of course to prove this, but it is interesting to note the following: 'Adam le Fullere,' a citizen of London, is twice referred to as Adekin le Fullere (1273, Hundred Rolls, i. 426). Six centuries ago Adam probably ranked as second or third favourite among boys' names throughout England. In the north it attained a most remarkable pre-eminence. Four Adams are mentioned in the revenues of Conishead Priory, A.D. 1256 (West's Furness, pp. 192, 195). No fewer than six Adams figure as benefactors of Furness Abbey, circa 1290 (ibid.). The everyday form was Adekin, then Adkin, and finally Atkin (see Addison). The following come together [Johannes Attekyson and Alicia soror Adekynson].","Poll Tax, West Riding of Yorkshire, 1379, p. 238","Poll Tax, West Riding of Yorkshire, 1379",P. T. Yorks. p. 238,"Johannes Attekyson, 1379: P. T. Yorks. p. 238.",40,3,"Adkin, Adkins, Adkinson, Atkin, Atkins, Atkinson, Atkyns, Adkisson","London: 5, 10, 0, 9, 51, 60, 1, 0; Philadelphia, Adkisson, 3",high,https://archive.org/details/adictionaryengl00goog/page/40/mode/1up
289,Alicia,soror Adekynson,"the son of Adam, from the nick. Addy, dim. Adkin, sharpened to Atkin",Baptismal,1379,1379,1379,,Yorkshire,False,West Riding of Yorkshire,soror Adekynson = sister of Adekynson; listed together with Johannes Attekyson,"There is no need of course to prove this, but it is interesting to note the following: 'Adam le Fullere,' a citizen of London, is twice referred to as Adekin le Fullere (1273, Hundred Rolls, i. 426). Six centuries ago Adam probably ranked as second or third favourite among boys' names throughout England. In the north it attained a most remarkable pre-eminence. Four Adams are mentioned in the revenues of Conishead Priory, A.D. 1256 (West's Furness, pp. 192, 195). No fewer than six Adams figure as benefactors of Furness Abbey, circa 1290 (ibid.). The everyday form was Adekin, then Adkin, and finally Atkin (see Addison). The following come together [Johannes Attekyson and Alicia soror Adekynson].","Poll Tax, West Riding of Yorkshire, 1379, p. 238","Poll Tax, West Riding of Yorkshire, 1379",ibid.,"Alicia soror Adekynson, 1379: ibid.",40,3,"Adkin, Adkins, Adkinson, Atkin, Atkins, Atkinson, Atkyns, Adkisson","London: 5, 10, 0, 9, 51, 60, 1, 0; Philadelphia, Adkisson, 3",high,https://archive.org/details/adictionaryengl00goog/page/40/mode/1up
290,Eliz[abeth],Adkins,"the son of Adam, from the nick. Addy, dim. Adkin, sharpened to Atkin",Baptismal,1680,1680,1680,Marriage,London,False,"St. Dionis Backchurch, London",Married William Deevy,"There is no need of course to prove this, but it is interesting to note the following: 'Adam le Fullere,' a citizen of London, is twice referred to as Adekin le Fullere (1273, Hundred Rolls, i. 426). Six centuries ago Adam probably ranked as second or third favourite among boys' names throughout England. In the north it attained a most remarkable pre-eminence. Four Adams are mentioned in the revenues of Conishead Priory, A.D. 1256 (West's Furness, pp. 192, 195). No fewer than six Adams figure as benefactors of Furness Abbey, circa 1290 (ibid.). The everyday form was Adekin, then Adkin, and finally Atkin (see Addison). The following come together [Johannes Attekyson and Alicia soror Adekynson].","Register of St. Dionis Backchurch, London, 1538-1754 (Harleian Society), p. 39","Register of St. Dionis Backchurch, London, 1538-1754 (Harleian Society)","St. Dionis Backchurch, p. 39","1680. Married—William Deevy and Eliz. Adkins: St. Dionis Backchurch, p. 39.",40,3,"Adkin, Adkins, Adkinson, Atkin, Atkins, Atkinson, Atkyns, Adkisson","London: 5, 10, 0, 9, 51, 60, 1, 0; Philadelphia, Adkisson, 3",high,https://archive.org/details/adictionaryengl00goog/page/40/mode/1up
291,William,Deevy,"the son of Adam, from the nick. Addy, dim. Adkin, sharpened to Atkin",Baptismal,1680,1680,1680,Marriage,London,False,"St. Dionis Backchurch, London",Married Eliz[abeth] Adkins,"There is no need of course to prove this, but it is interesting to note the following: 'Adam le Fullere,' a citizen of London, is twice referred to as Adekin le Fullere (1273, Hundred Rolls, i. 426). Six centuries ago Adam probably ranked as second or third favourite among boys' names throughout England. In the north it attained a most remarkable pre-eminence. Four Adams are mentioned in the revenues of Conishead Priory, A.D. 1256 (West's Furness, pp. 192, 195). No fewer than six Adams figure as benefactors of Furness Abbey, circa 1290 (ibid.). The everyday form was Adekin, then Adkin, and finally Atkin (see Addison). The following come together [Johannes Attekyson and Alicia soror Adekynson].","Register of St. Dionis Backchurch, London, 1538-1754 (Harleian Society), p. 39","Register of St. Dionis Backchurch, London, 1538-1754 (Harleian Society)","St. Dionis Backchurch, p. 39","1680. Married—William Deevy and Eliz. Adkins: St. Dionis Backchurch, p. 39.",40,3,"Adkin, Adkins, Adkinson, Atkin, Atkins, Atkinson, Atkyns, Adkisson","London: 5, 10, 0, 9, 51, 60, 1, 0; Philadelphia, Adkisson, 3",high,https://archive.org/details/adictionaryengl00goog/page/40/mode/1up
292,Elizabeth,Adkison,"the son of Adam, from the nick. Addy, dim. Adkin, sharpened to Atkin",Baptismal,1709,1709,1709,Baptism,London,False,"St. James, Clerkenwell, London",daughter of John Adkison,"There is no need of course to prove this, but it is interesting to note the following: 'Adam le Fullere,' a citizen of London, is twice referred to as Adekin le Fullere (1273, Hundred Rolls, i. 426). Six centuries ago Adam probably ranked as second or third favourite among boys' names throughout England. In the north it attained a most remarkable pre-eminence. Four Adams are mentioned in the revenues of Conishead Priory, A.D. 1256 (West's Furness, pp. 192, 195). No fewer than six Adams figure as benefactors of Furness Abbey, circa 1290 (ibid.). The everyday form was Adekin, then Adkin, and finally Atkin (see Addison). The following come together [Johannes Attekyson and Alicia soror Adekynson].","Register of St. James, Clerkenwell, 1551-1754 (Harleian Society), p. 49","Register of St. James, Clerkenwell, 1551-1754 (Harleian Society)","St. Jas. Clerkenwell, p. 49","1709. Elizabeth, d. of John Adkison: St. Jas. Clerkenwell, p. 49.",40,3,"Adkin, Adkins, Adkinson, Atkin, Atkins, Atkinson, Atkyns, Adkisson","London: 5, 10, 0, 9, 51, 60, 1, 0; Philadelphia, Adkisson, 3",high,https://archive.org/details/adictionaryengl00goog/page/40/mode/1up
293,John,Adkison,"the son of Adam, from the nick. Addy, dim. Adkin, sharpened to Atkin",Baptismal,1709,1709,1709,Baptism,London,False,"St. James, Clerkenwell, London","Father of Elizabeth Adkison, baptised","There is no need of course to prove this, but it is interesting to note the following: 'Adam le Fullere,' a citizen of London, is twice referred to as Adekin le Fullere (1273, Hundred Rolls, i. 426). Six centuries ago Adam probably ranked as second or third favourite among boys' names throughout England. In the north it attained a most remarkable pre-eminence. Four Adams are mentioned in the revenues of Conishead Priory, A.D. 1256 (West's Furness, pp. 192, 195). No fewer than six Adams figure as benefactors of Furness Abbey, circa 1290 (ibid.). The everyday form was Adekin, then Adkin, and finally Atkin (see Addison). The following come together [Johannes Attekyson and Alicia soror Adekynson].","Register of St. James, Clerkenwell, 1551-1754 (Harleian Society), p. 49","Register of St. James, Clerkenwell, 1551-1754 (Harleian Society)","St. Jas. Clerkenwell, p. 49","1709. Elizabeth, d. of John Adkison: St. Jas. Clerkenwell, p. 49.",40,3,"Adkin, Adkins, Adkinson, Atkin, Atkins, Atkinson, Atkyns, Adkisson","London: 5, 10, 0, 9, 51, 60, 1, 0; Philadelphia, Adkisson, 3",high,https://archive.org/details/adictionaryengl00goog/page/40/mode/1up
294,Mary,Adkisson,"the son of Adam, from the nick. Addy, dim. Adkin, sharpened to Atkin",Baptismal,1718,1718,1718,Marriage,London,False,"St. Michael, Cornhill, London","[Unclear: last digit of page number damaged; read as 60, possibly 61] Married George Handaye","There is no need of course to prove this, but it is interesting to note the following: 'Adam le Fullere,' a citizen of London, is twice referred to as Adekin le Fullere (1273, Hundred Rolls, i. 426). Six centuries ago Adam probably ranked as second or third favourite among boys' names throughout England. In the north it attained a most remarkable pre-eminence. Four Adams are mentioned in the revenues of Conishead Priory, A.D. 1256 (West's Furness, pp. 192, 195). No fewer than six Adams figure as benefactors of Furness Abbey, circa 1290 (ibid.). The everyday form was Adekin, then Adkin, and finally Atkin (see Addison). The following come together [Johannes Attekyson and Alicia soror Adekynson].","Register of St. Michael, Cornhill, 1546-1754 (Harleian Society), p. 60","Register of St. Michael, Cornhill, 1546-1754 (Harleian Society)","St. Michael, Cornhill, p. 60","1718. Married—George Handaye and Mary Adkisson: St. Michael, Cornhill, p. 60.",40,3,"Adkin, Adkins, Adkinson, Atkin, Atkins, Atkinson, Atkyns, Adkisson","London: 5, 10, 0, 9, 51, 60, 1, 0; Philadelphia, Adkisson, 3",low,https://archive.org/details/adictionaryengl00goog/page/40/mode/1up
295,George,Handaye,"the son of Adam, from the nick. Addy, dim. Adkin, sharpened to Atkin",Baptismal,1718,1718,1718,Marriage,London,False,"St. Michael, Cornhill, London","[Unclear: last digit of page number damaged; read as 60, possibly 61] Married Mary Adkisson","There is no need of course to prove this, but it is interesting to note the following: 'Adam le Fullere,' a citizen of London, is twice referred to as Adekin le Fullere (1273, Hundred Rolls, i. 426). Six centuries ago Adam probably ranked as second or third favourite among boys' names throughout England. In the north it attained a most remarkable pre-eminence. Four Adams are mentioned in the revenues of Conishead Priory, A.D. 1256 (West's Furness, pp. 192, 195). No fewer than six Adams figure as benefactors of Furness Abbey, circa 1290 (ibid.). The everyday form was Adekin, then Adkin, and finally Atkin (see Addison). The following come together [Johannes Attekyson and Alicia soror Adekynson].","Register of St. Michael, Cornhill, 1546-1754 (Harleian Society), p. 60","Register of St. Michael, Cornhill, 1546-1754 (Harleian Society)","St. Michael, Cornhill, p. 60","1718. Married—George Handaye and Mary Adkisson: St. Michael, Cornhill, p. 60.",40,3,"Adkin, Adkins, Adkinson, Atkin, Atkins, Atkinson, Atkyns, Adkisson","London: 5, 10, 0, 9, 51, 60, 1, 0; Philadelphia, Adkisson, 3",low,https://archive.org/details/adictionaryengl00goog/page/40/mode/1up
296,,Adlam,see Adnam,,,,,,,False,,,,,,,,40,3,"Adlam, Adlum, Adman",,high,https://archive.org/details/adictionaryengl00goog/page/40/mode/1up
297,Adelardus,,the son of Adelard or Athelard,Baptismal,,,,,,False,,,"v. Allard. Adelhard was a cousin of Charlemagne, and Abbot of Corbie. (Yonge, ii. 399.)",Domesday Book,Domesday Book,Domesday,Adelardus: Domesday.,40,3,Adlard,,high,https://archive.org/details/adictionaryengl00goog/page/40/mode/1up
298,Athelard,de Barwe,the son of Adelard or Athelard,Baptismal,2 Edw. I,1273,1274,,,False,,,"v. Allard. Adelhard was a cousin of Charlemagne, and Abbot of Corbie. (Yonge, ii. 399.)","Close Rolls, 2 Edw. I",Close Rolls,"Close Roll, 2 Edw. I","Athelard de Barwe: Close Roll, 2 Edw. I.",40,3,Adlard,,high,https://archive.org/details/adictionaryengl00goog/page/40/mode/1up
299,Adam,Adelard,the son of Adelard or Athelard,Baptismal,1273,1273,1273,,Cambridgeshire,False,Cambridgeshire,,"v. Allard. Adelhard was a cousin of Charlemagne, and Abbot of Corbie. (Yonge, ii. 399.)","Hundred Rolls, 1273","Hundred Rolls, 1273",A,"Adam Adelard, co. Camb., 1273. A.",40,3,Adlard,,high,https://archive.org/details/adictionaryengl00goog/page/40/mode/1up
300,Simon,fil. Aderlard,the son of Adelard or Athelard,Baptismal,1273,1273,1273,,Lincolnshire,False,Lincolnshire,fil. Aderlard = son of Aderlard,"v. Allard. Adelhard was a cousin of Charlemagne, and Abbot of Corbie. (Yonge, ii. 399.)","Hundred Rolls, 1273","Hundred Rolls, 1273",ibid.,"Simon fil. Aderlard, co. Linc., ibid.",40,3,Adlard,,high,https://archive.org/details/adictionaryengl00goog/page/40/mode/1up
301,Aderlard,(unknown),the son of Adelard or Athelard,Baptismal,1273,1273,1273,,Lincolnshire,False,Lincolnshire,Father of Simon fil. Aderlard. Recorded as a patronymic - may not necessarily be nominative form,"v. Allard. Adelhard was a cousin of Charlemagne, and Abbot of Corbie. (Yonge, ii. 399.)","Hundred Rolls, 1273","Hundred Rolls, 1273",ibid.,"Simon fil. Aderlard, co. Linc., ibid.",40,3,Adlard,,high,https://archive.org/details/adictionaryengl00goog/page/40/mode/1up
302,Adelard,Baate,the son of Adelard or Athelard,Baptismal,1505,1505,1505,,Oxfordshire,False,"Magdalen College, Oxford",Also called Alard Baate and Aluered Baate; chaplain of Magdalen,"v. Allard. Adelhard was a cousin of Charlemagne, and Abbot of Corbie. (Yonge, ii. 399.)","Register of the University of Oxford (Oxford Historical Society), i. 40",Register of the University of Oxford (Oxford Historical Society),Reg. Univ. Oxf. i. 40,"'Adelard, or Alard, or Aluered Baate, chaplain of Magdalen, 1505': Reg. Univ. Oxf. i. 40.",40,3,Adlard,,high,https://archive.org/details/adictionaryengl00goog/page/40/mode/1up
303,Alard,Baate,the son of Adelard or Athelard,Baptismal,1505,1505,1505,,Oxfordshire,False,"Magdalen College, Oxford",Also called Adelard Baate and Aluered Baate; chaplain of Magdalen,"v. Allard. Adelhard was a cousin of Charlemagne, and Abbot of Corbie. (Yonge, ii. 399.)","Register of the University of Oxford (Oxford Historical Society), i. 40",Register of the University of Oxford (Oxford Historical Society),Reg. Univ. Oxf. i. 40,"'Adelard, or Alard, or Aluered Baate, chaplain of Magdalen, 1505': Reg. Univ. Oxf. i. 40.",40,3,Adlard,,high,https://archive.org/details/adictionaryengl00goog/page/40/mode/1up
304,Aluered,Baate,the son of Adelard or Athelard,Baptismal,1505,1505,1505,,Oxfordshire,False,"Magdalen College, Oxford",Also called Adelard Baate and Alard Baate; chaplain of Magdalen,"v. Allard. Adelhard was a cousin of Charlemagne, and Abbot of Corbie. (Yonge, ii. 399.)","Register of the University of Oxford (Oxford Historical Society), i. 40",Register of the University of Oxford (Oxford Historical Society),Reg. Univ. Oxf. i. 40,"'Adelard, or Alard, or Aluered Baate, chaplain of Magdalen, 1505': Reg. Univ. Oxf. i. 40.",40,3,Adlard,,high,https://archive.org/details/adictionaryengl00goog/page/40/mode/1up
305,John,Athelard,the son of Adelard or Athelard,Baptismal,1 Edw. III,1327,1327,,Somerset,False,Somerset,,"v. Allard. Adelhard was a cousin of Charlemagne, and Abbot of Corbie. (Yonge, ii. 399.)","Kirby's Quest for Somerset (Exchequer Lay Subsidy, 1 Edw. III), Somerset Record Society, 1889, p. 129","Kirby's Quest for Somerset (Exchequer Lay Subsidy, 1 Edw. III), Somerset Record Society, 1889","Kirby's Quest, p. 129","John Athelard, co. Soms., 1 Edw. III: Kirby's Quest, p. 129.",40,3,Adlard,,high,https://archive.org/details/adictionaryengl00goog/page/40/mode/1up
306,Eliz[abeth],Adlard,the son of Adelard or Athelard,Baptismal,1794,1794,1794,Marriage,London,False,"St. George, Hanover Square, London",Married William Tollitt,"v. Allard. Adelhard was a cousin of Charlemagne, and Abbot of Corbie. (Yonge, ii. 399.)","Register of St. George, Hanover Square, 1725-1809 (Harleian Society), ii. 120","Register of St. George, Hanover Square, 1725-1809 (Harleian Society)",St. Geo. Han. Sq. ii. 120,1794. Married—William Tollitt and Eliz. Adlard: St. Geo. Han. Sq. ii. 120.,40,3,Adlard,,high,https://archive.org/details/adictionaryengl00goog/page/40/mode/1up
307,William,Tollitt,the son of Adelard or Athelard,Baptismal,1794,1794,1794,Marriage,London,False,"St. George, Hanover Square, London",Married Eliz[abeth] Adlard,"v. Allard. Adelhard was a cousin of Charlemagne, and Abbot of Corbie. (Yonge, ii. 399.)","Register of St. George, Hanover Square, 1725-1809 (Harleian Society), ii. 120","Register of St. George, Hanover Square, 1725-1809 (Harleian Society)",St. Geo. Han. Sq. ii. 120,1794. Married—William Tollitt and Eliz. Adlard: St. Geo. Han. Sq. ii. 120.,40,3,Adlard,,high,https://archive.org/details/adictionaryengl00goog/page/40/mode/1up
